,IntZone,IntZoneName,latitude,longitude
0,S02001236,Culter,57.09985072881769,-2.2681102302192016
1,S02001237,"Cults, Bieldside and Milltimber West",57.10766050692254,-2.2302460625992326
2,S02001238,"Cults, Bieldside and Milltimber East",57.116349911605035,-2.191231204192802
3,S02001239,Garthdee,57.12258648682211,-2.134120240047419
4,S02001240,"Braeside, Mannofield, Broomhill and Seafield East",57.13342645909987,-2.1188783469674366
5,S02001241,"Braeside, Mannofield, Broomhill and Seafield South",57.12733548049132,-2.136928892087293
6,S02001242,"Braeside, Mannofield, Broomhill and Seafield North",57.13506468697149,-2.14933164090961
7,S02001243,Hazlehead,57.14326596426495,-2.1706153228878247
8,S02001244,Summerhill,57.14919913113292,-2.160511487961839
9,S02001245,Midstocket,57.15074880825741,-2.1336438428136786
10,S02001246,Rosemount,57.14951114687342,-2.113409905277521
11,S02001247,West End North,57.14377896146255,-2.132726332028218
12,S02001248,West End South,57.13839805881626,-2.1240327808259023
13,S02001249,City Centre West,57.14555120775622,-2.1116625788536707
14,S02001250,City Centre East,57.145806069977226,-2.0968728593788404
15,S02001251,Ferryhill North,57.13798468848278,-2.104518673993601
16,S02001252,Ferryhill South,57.133971792935846,-2.1119910853407173
17,S02001253,"Kincorth, Leggart and Nigg North",57.12126388897039,-2.1084680296527205
18,S02001254,"Kincorth, Leggart and Nigg South",57.1178529614614,-2.1053865748439304
19,S02001255,Cove South,57.0977999644232,-2.0854913398303094
20,S02001256,Cove North,57.10528375358781,-2.084188010078288
21,S02001257,Torry West,57.134774811629946,-2.084635121529833
22,S02001258,Torry East,57.13465571967222,-2.074127675625255
23,S02001259,Hanover South,57.15041140669266,-2.0887367525871747
24,S02001260,Hanover North,57.15522384009711,-2.092136934324383
25,S02001261,George Street,57.15349054603164,-2.103107942805101
26,S02001262,Ashgrove,57.158992223649726,-2.118778683653797
27,S02001263,"Froghall, Powis and Sunnybank",57.16108677307527,-2.107146530883507
28,S02001264,Seaton,57.16488119640682,-2.091268172027571
29,S02001265,Old Aberdeen,57.16934326390937,-2.0946029701586495
30,S02001266,Tillydrone,57.173752089529614,-2.117916522335649
31,S02001267,Woodside,57.16974891321838,-2.123873379867831
32,S02001268,Hilton,57.16665536121918,-2.1272692216939295
33,S02001269,Stockethill,57.15977060810804,-2.1392642322026685
34,S02001270,Mastrick,57.15416462586102,-2.162152910667303
35,S02001271,Sheddocksley,57.15433833191384,-2.1733110897761545
36,S02001272,Cummings Park,57.16288812869692,-2.1467655632524014
37,S02001273,Northfield,57.16527840893974,-2.1676083748391872
38,S02001274,Heathryfold and Middlefield,57.17036543715895,-2.151408968668658
39,S02001275,Kingswells,57.16003302505528,-2.219511805628789
40,S02001276,Bucksburn South,57.17540972805377,-2.1815800634060194
41,S02001277,Bucksburn North,57.180006019158725,-2.183637175213859
42,S02001278,Dyce,57.20907488339041,-2.1836327031141844
43,S02001279,Danestone,57.18063392042719,-2.1348601681789106
44,S02001280,Oldmachar West,57.194438356546044,-2.128572912949117
45,S02001281,Oldmachar East,57.18969154634081,-2.1139469079740327
46,S02001282,Balgownie and Donmouth West,57.18151179940953,-2.1097697279828176
47,S02001283,Balgownie and Donmouth East,57.182027009256714,-2.0948835943502324
48,S02001284,Denmore,57.196213925837675,-2.1026811705266923
49,S02001285,East Cairngorms,57.05123083477102,-3.038458776528741
50,S02001286,Aboyne and South Deeside,57.07705300678307,-2.7675746131317
51,S02001287,Mearns and Laurencekirk,56.83227685689373,-2.475199471772428
52,S02001288,Mearns South and Benholm,56.77312559538119,-2.4289656767458307
53,S02001289,Mearns North and Inverbervie,56.84473658766868,-2.2831830758811282
54,S02001290,"Fetteresso, Netherley and Catter",56.99507421046147,-2.2303232261651655
55,S02001291,Stonehaven South,56.96401065137986,-2.2250497778912597
56,S02001292,Stonehaven North,56.969436859393596,-2.224885159962341
57,S02001293,Newtonhill,57.03171711127496,-2.14667561884199
58,S02001294,Portlethen,57.05733390069464,-2.141666008873225
59,S02001295,Banchory-Devenick and Findon,57.06624203264861,-2.1279140964782624
60,S02001296,"Dunecht, Durris and Drumoak",57.1179692022048,-2.3883266050116387
61,S02001297,Banchory East,57.05767413454912,-2.48608917589724
62,S02001298,Banchory West,57.054462732085135,-2.498625500159808
63,S02001299,Crathes and Torphins,57.102431241180206,-2.6198676308318514
64,S02001300,Cromar and Kildrummy,57.19112405761035,-2.73601948022454
65,S02001301,Howe of Alford,57.228821463995295,-2.6927119878334174
66,S02001302,Kemnay,57.234873450109816,-2.442963026300642
67,S02001303,Inverurie North,57.29006613172229,-2.3911009090069113
68,S02001304,Inverurie South,57.27861856571159,-2.374510250997759
69,S02001305,Durno-Chapel of Garioch,57.28900187294482,-2.4066012343312866
70,S02001306,Kintore,57.23587085238128,-2.3552574618114446
71,S02001307,Blackburn,57.207496681453996,-2.2874139652501766
72,S02001308,Westhill North and South,57.15750904955745,-2.2822318252123766
73,S02001309,Westhill Central,57.15479341040647,-2.2874014722265343
74,S02001310,Garlogie and Elrick,57.153177363242044,-2.3060006425512003
75,S02001311,Newmachar and Fintray,57.265638660910994,-2.184677116447219
76,S02001312,Balmedie and Potterton,57.25052485532958,-2.0609869184045926
77,S02001313,Ellon East,57.364561900552815,-2.076221392700334
78,S02001314,Ellon West,57.371326439481535,-2.0890049668383344
79,S02001315,Ythanside,57.320668489230556,-2.004317619252054
80,S02001316,Ythsie,57.34017893136398,-2.1840215715799096
81,S02001317,Barrahill,57.33694471735274,-2.322478653961445
82,S02001318,Fyvie-Rothie,57.432008650666084,-2.3893336972367294
83,S02001319,"Insch, Oyne and Ythanwells",57.34562302625884,-2.6105024963997168
84,S02001320,Clashindarroch,57.35043874111229,-2.7438753381857532
85,S02001321,Huntly,57.44509516389543,-2.7906144655353553
86,S02001322,Auchterless and Monquhitter,57.54479341939235,-2.476038154800546
87,S02001323,Turriff,57.540912057524366,-2.461772140693676
88,S02001324,"Portsoy, Fordyce and Cornhill",57.681924453617704,-2.6960875412985406
89,S02001325,Aberchirder and Whitehills,57.58192083366654,-2.636564283637596
90,S02001326,Banff,57.663113115203,-2.531791289173735
91,S02001327,Macduff,57.66634231401344,-2.488357959066064
92,S02001328,Gardenstown and King Edward,57.62530346880814,-2.3261030935887628
93,S02001329,New Pitsligo,57.59192071549075,-2.1983402128243155
94,S02001330,Deer and Mormond,57.520946088427166,-2.1333780970929994
95,S02001331,Mintlaw,57.523531724616156,-2.0066971555093756
96,S02001332,Auchnagatt,57.44249065049094,-2.143320695461384
97,S02001333,Cruden,57.42055126358209,-1.8528218443277051
98,S02001334,Peterhead Links,57.496605288554626,-1.8052844152289067
99,S02001335,Peterhead Bay,57.50223230138442,-1.7963939833783709
100,S02001336,Peterhead Harbour,57.5086006708957,-1.7907509350704285
101,S02001337,Peterhead Ugieside,57.50924670010837,-1.8132282174574483
102,S02001338,Longside and Rattray,57.5586154325676,-1.8402335857455514
103,S02001339,Rosehearty and Strathbeg,57.66982707191376,-2.068280047674939
104,S02001340,Fraserburgh Smiddyhill,57.682042315884914,-2.0172583936677104
105,S02001341,Fraserburgh Lochpots,57.68367502601011,-2.0285116564436194
106,S02001342,Fraserburgh Central-Academy,57.68812316872342,-2.0181166873493654
107,S02001343,Fraserburgh Harbour and Broadsea,57.6930544049085,-2.0181695056250026
108,S02001344,South Angus,56.49659394579098,-3.0598622411783865
109,S02001345,Monikie,56.51404994667068,-2.8174511637708526
110,S02001346,Monifieth West,56.47940847846269,-2.8293374477596043
111,S02001347,Monifieth East,56.48471816252376,-2.8212369216768804
112,S02001348,Carnoustie West,56.49897480091364,-2.73090403618419
113,S02001349,Carnoustie East,56.501724848986335,-2.709058677700565
114,S02001350,Arbroath Landward,56.57482739226801,-2.6327724525243346
115,S02001351,Arbroath Kirkton,56.56311883959456,-2.611700986461226
116,S02001352,Arbroath Keptie,56.56189151473095,-2.5961915275639638
117,S02001353,Arbroath Harbour,56.55749585695119,-2.5853687452077394
118,S02001354,Arbroath Cliffburn,56.567435895839594,-2.5730083908716734
119,S02001355,Arbroath Warddykes,56.568329637185094,-2.5836646941190455
120,S02001356,Lunan,56.69368729898386,-2.4840639460991736
121,S02001357,Montrose South,56.711134995392186,-2.4672834999770044
122,S02001358,Montrose North,56.72087546344917,-2.4691199528865506
123,S02001359,Hillside,56.74168292405454,-2.4829319018426976
124,S02001360,Friockheim,56.63836570662006,-2.6597914513510017
125,S02001361,Brechin East,56.72771626147116,-2.646746207944198
126,S02001362,Brechin West,56.73438065456335,-2.6607540677045884
127,S02001363,Letham and Glamis,56.63220608549187,-2.8580845433757953
128,S02001364,Forfar East,56.64942602357264,-2.885401372188595
129,S02001365,Forfar Central,56.644271394183995,-2.8800135643919664
130,S02001366,Forfar West,56.63701935448359,-2.897876211641567
131,S02001367,Kirriemuir Landward,56.63819034420921,-3.116216017572952
132,S02001368,Kirriemuir,56.67411220392685,-3.004101033784888
133,S02001369,Angus Glens,56.71261530406993,-2.8578564877441974
134,S02001370,"Mull, Iona, Coll and Tiree",56.583573876778104,-6.187516400254949
135,S02001371,Oban South,56.40277956477396,-5.472494919785925
136,S02001372,Oban North,56.41953837645365,-5.471833644175378
137,S02001373,Benderloch Trail,56.460009309933,-5.382858973443933
138,S02001374,Loch Awe,56.25869361884984,-5.476768616489006
139,S02001375,Mid Argyll,56.1382253907037,-5.484167152750739
140,S02001376,Greater Lochgilphead,56.03692132024535,-5.431453167117948
141,S02001377,Knapdale,55.862251653832566,-5.415525682292127
142,S02001378,Whisky Isles,55.75564040265489,-6.284497682417721
143,S02001379,Kintyre Trail,55.41539837652162,-5.694864169849416
144,S02001380,Campbeltown,55.424580636649644,-5.606343461891876
145,S02001381,Bute,55.84334400633507,-5.030851006164241
146,S02001382,Rothesay Town,55.83607419628952,-5.057600937809612
147,S02001383,Cowal South,55.88047611293861,-4.973919058318768
148,S02001384,Cowal North,56.05431616796685,-4.912661845456697
149,S02001385,Hunter's Quay,55.96111776051598,-4.92215812955452
150,S02001386,Dunoon,55.94880291471283,-4.929335918793437
151,S02001387,Garelochhead,56.02365827097696,-4.817770627135231
152,S02001388,Helensburgh West and Rhu,56.00994415196688,-4.7564435108140035
153,S02001389,Helensburgh North,56.01204263768737,-4.723507653443485
154,S02001390,Helensburgh Centre,56.00311655750675,-4.7275955012356
155,S02001391,Helensburgh East,56.00283597604009,-4.712208078792262
156,S02001392,Lomond Shore,55.965727658800446,-4.652125301854071
157,S02001393,Tullibody South,56.13026308416351,-3.8424310113657305
158,S02001394,Tullibody North and Glenochil,56.1371136598368,-3.8295298368666217
159,S02001395,Menstrie,56.14877116199308,-3.8498849911831248
160,S02001396,Alva,56.15102905957114,-3.802307197939226
161,S02001397,"Fishcross, Devon Village and Coalsnaughton",56.14437572165055,-3.7417951811423356
162,S02001398,Tillicoultry,56.15436894201703,-3.741104304294844
163,S02001399,Dollar and Muckhart,56.1628966343934,-3.6701497839576356
164,S02001400,"Clackmannan, Kennet and Forestmill",56.10657202068682,-3.750008610503945
165,S02001401,Sauchie,56.127731192536864,-3.7747820143105884
166,S02001402,Alloa South and East,56.11183094066277,-3.7850183476809423
167,S02001403,Alloa North,56.123798559912316,-3.8012423442130605
168,S02001404,Alloa West,56.116661735798544,-3.8087421310685285
169,S02001405,Stranraer West,54.90571001311537,-5.041203054103738
170,S02001406,Stranraer East,54.90196642752211,-5.0197336405151445
171,S02001407,Stranraer South,54.89707120199806,-5.032891958464006
172,S02001408,Rhins North,54.90812658648935,-5.002266264301481
173,S02001409,Rhins South,54.80594899430745,-4.9635351498231195
174,S02001410,Machars North,54.87871934369029,-4.810385202753585
175,S02001411,Machars South,54.774444255166266,-4.457860334009694
176,S02001412,Newton Stewart,54.95673338914226,-4.483148648247713
177,S02001413,Gatehouse,54.86593491170769,-4.085175451455411
178,S02001414,Kirkcudbright,54.84630086907348,-4.038820188458134
179,S02001415,Castle Douglas,54.9432012103734,-3.9214392778397587
180,S02001416,Dalbeattie,54.92814545166444,-3.8181197697585607
181,S02001417,Dalbeattie Rural,54.971238166856125,-3.8493456227437797
182,S02001418,Glenkens,55.09769355363724,-4.11553506030359
183,S02001419,Upper Nithsdale,55.36901709933845,-3.928424319272277
184,S02001420,Thornhill,55.24261527613167,-3.765894403504861
185,S02001421,Mid Nithsdale,55.13366221897035,-3.6243853701087514
186,S02001422,Shawhead,55.075007571731,-3.639425192598825
187,S02001423,Lochside and Lincluden,55.08242983423854,-3.636846227842591
188,S02001424,Summerville,55.07194129388954,-3.6227759057857836
189,S02001425,Troqueer,55.06216479899019,-3.616570886008888
190,S02001426,New Abbey,55.05308856921705,-3.642677797116205
191,S02001427,Kingholm,55.0463114357984,-3.6002327355131416
192,S02001428,Calside,55.059680895690114,-3.5819458259809274
193,S02001429,Georgetown,55.06509670102948,-3.5773676600833446
194,S02001430,Dumfries Central,55.06597216288392,-3.603225438871703
195,S02001431,Nunholm,55.07273486489079,-3.5967453173292707
196,S02001432,Locharbriggs,55.10401389856989,-3.583399279777561
197,S02001433,Heathhall,55.09575570320071,-3.579860071226202
198,S02001434,Collin,55.07825561088878,-3.5236074006010027
199,S02001435,Lochmaben,55.12902491353188,-3.4415349985713517
200,S02001436,Lockerbie,55.12494279655714,-3.359634472039547
201,S02001437,Moffat,55.33246387020775,-3.43732652150655
202,S02001438,Langholm and Eskdale,55.151788797283814,-3.0045434482373494
203,S02001439,Annandale East,55.0586263182251,-3.1990991274019045
204,S02001440,Annandale West,55.01987043927651,-3.2704230717069054
205,S02001441,Annan West,54.985213005091516,-3.2647646764376494
206,S02001442,Annan East,54.99136153149987,-3.247217867860195
207,S02001443,Eastriggs,54.98448866383943,-3.18222917249715
208,S02001444,Gretna,54.99448238086096,-3.068556639089726
209,S02001445,Westend,56.45942157671629,-3.0106957839961557
210,S02001446,Perth Road,56.458082809721134,-2.9838697136169077
211,S02001447,Logie and Blackness,56.46434221141883,-2.996609463347815
212,S02001448,City Centre,56.46554643146404,-2.9739352487724693
213,S02001449,Docks and Wellgate,56.46479481436467,-2.9689497311337667
214,S02001450,Hilltown,56.47208951986248,-2.975920889283802
215,S02001451,The Glens,56.476555832959136,-2.9689085061072804
216,S02001452,Stobswell,56.47016113919611,-2.9593635276234758
217,S02001453,Baxter Park,56.47701261591391,-2.9469706437893466
218,S02001454,Craigie and  Craigiebank,56.46946332056626,-2.925843924544325
219,S02001455,Douglas West,56.478582575503665,-2.913710821060525
220,S02001456,West Ferry,56.47332357999998,-2.906782747787776
221,S02001457,Douglas East,56.47778907111335,-2.8993399413700294
222,S02001458,Broughty Ferry West,56.46657903443293,-2.8776509168289586
223,S02001459,Broughty Ferry East,56.47672296718868,-2.868631358831536
224,S02001460,Barnhill,56.47741357740951,-2.8532565082738213
225,S02001461,West Pitkerro,56.482234060417156,-2.860362810148187
226,S02001462,Whitfield,56.49310059763732,-2.9283525520907046
227,S02001463,Fintry,56.49007104423818,-2.9476208333151295
228,S02001464,Linlathen and Midcraigie,56.482343551877726,-2.9346983111117204
229,S02001465,Caird Park,56.488326136636736,-2.977994244982972
230,S02001466,Kirkton,56.49261007547757,-2.98502340100638
231,S02001467,Downfield,56.49328687382496,-3.002614636878639
232,S02001468,Fairmuir,56.47987440281929,-2.991252780400345
233,S02001469,Law,56.47244216726387,-2.9892571787743334
234,S02001470,Balgay,56.466053783931116,-3.0160007713089287
235,S02001471,Menzieshill,56.46957705267018,-3.0407834615498968
236,S02001472,Charleston,56.47528841116128,-3.038975444191019
237,S02001473,Lochee,56.47334509798607,-3.0132086348328624
238,S02001474,Ardler and St Marys,56.49057596839811,-3.015584417134723
239,S02001475,Western Edge,56.468656589698284,-3.052980550274297
240,S02001476,Doon Valley South,55.321955844504586,-4.392884904081012
241,S02001477,Doon Valley North,55.363711665926395,-4.502127435823025
242,S02001478,Mauchline Rural,55.50038875074156,-4.328754695408856
243,S02001479,Drongan,55.43448335628805,-4.462055971994718
244,S02001480,Mauchline,55.51478468574127,-4.371978214170761
245,S02001481,Cumnock Rural,55.46047520606767,-4.229719261546415
246,S02001482,New Cumnock,55.39090334955325,-4.180687719583518
247,S02001483,Cumnock South and Craigens,55.44378386200042,-4.249885801703682
248,S02001484,Cumnock North,55.4560019005375,-4.264800586699132
249,S02001485,Auchinleck,55.473245209458234,-4.290157780517688
250,S02001486,Northern and Irvine Valley Rural,55.658746167196675,-4.443878918256815
251,S02001487,Stewarton East,55.680734811248875,-4.505637435267884
252,S02001488,Stewarton West,55.68077344087344,-4.521738981858124
253,S02001489,Darvel,55.610613156434525,-4.283124048424068
254,S02001490,Newmilns,55.60715375647568,-4.324204322857916
255,S02001491,Galston,55.598015338207446,-4.385365818190595
256,S02001492,Earlston and Hurlford Rural,55.59789638606903,-4.45196664611614
257,S02001493,Shortlees,55.58862488285133,-4.495826082211523
258,S02001494,Bellfield and Kirkstyle,55.59163214193926,-4.490271414186065
259,S02001495,Kilmarnock South Central and Caprington,55.59230087990227,-4.498043572229227
260,S02001496,Piersland,55.608387380145174,-4.486681241613611
261,S02001497,New Farm Loch South,55.611813296750995,-4.475512166091162
262,S02001498,Dean and New Farm Loch North,55.62135148785465,-4.474541117416881
263,S02001499,Southcraig and Beansburn,55.63258243914233,-4.4867525910194095
264,S02001500,Altonhill North and Onthank,55.62827986849405,-4.501635955468676
265,S02001501,"Altonhill South, Longpark and Hillhead",55.617483036446615,-4.498200289098364
266,S02001502,Bonnyton and Town Centre,55.61159564626815,-4.510958570415496
267,S02001503,"Grange, Howard and Gargieston",55.60345848607291,-4.511089346452848
268,S02001504,"Crosshouse, Gatehead and Kilmaurs Rural",55.608434991940776,-4.549119964571748
269,S02001505,Kilmaurs,55.64016742173797,-4.525945503526622
270,S02001506,West Clober and Mains Estate,55.942679502292386,-4.342908655524322
271,S02001507,East Clober and Mains Estate,55.945904683084535,-4.331139512786837
272,S02001508,Barloch,55.94587537050172,-4.307402105424238
273,S02001509,Keystone and Dougalston,55.938387043545376,-4.3227933797157565
274,S02001510,Kilmardinny East,55.92603169510431,-4.317891844012305
275,S02001511,Kilmardinny West,55.92560954899475,-4.328831841968906
276,S02001512,North Castlehill and Thorn,55.931577487822885,-4.357159747929159
277,S02001513,South Castlehill and Thorn,55.92343205671663,-4.346948907530015
278,S02001514,Westerton West,55.90813982223973,-4.346232692411509
279,S02001515,Westerton East,55.90746605937275,-4.327279776343668
280,S02001516,Kessington West,55.91387143325937,-4.3140773480472365
281,S02001517,Kessington East,55.9139830715181,-4.308130975330246
282,S02001518,Torrance and Balmore,55.93845967601067,-4.210949197393475
283,S02001519,Bishopbriggs North and Kenmure,55.91688891699938,-4.224491976842742
284,S02001520,Bishopbriggs West and Cadder,55.90638884840389,-4.231106256936454
285,S02001521,Auchinairn,55.9015900238027,-4.214161469898474
286,S02001522,Woodhill East,55.90417031545815,-4.202085851238702
287,S02001523,Woodhill West,55.906669618164834,-4.203043511833595
288,S02001524,Lenzie North,55.92679710744355,-4.1647593313671205
289,S02001525,Lenzie South,55.917976613739974,-4.142902471098577
290,S02001526,Kirkintilloch South,55.933527561095616,-4.145298183405416
291,S02001527,Kirkintilloch West,55.93786444308023,-4.161453893738731
292,S02001528,Hillhead,55.94149429458844,-4.139893856975439
293,S02001529,Rosebank and Waterside,55.93789014636376,-4.124339645453579
294,S02001530,Twechar and Harestanes East,55.94649248371715,-4.121111245286594
295,S02001531,Harestanes,55.94363622583223,-4.1314283674332515
296,S02001532,Milton of Campsie,55.96034312459625,-4.163396074508494
297,S02001533,Lennoxtown,55.9728780085632,-4.196533675432312
298,S02001534,IZ01,55.9356675533044,-3.0189435532674613
299,S02001535,IZ02,55.934040722266715,-3.0646813447436965
300,S02001536,IZ03,55.93938203735241,-3.0714718071845306
301,S02001537,IZ04,55.944886262431716,-3.0583981700807286
302,S02001538,IZ05,55.94054389651476,-3.0375629551063748
303,S02001539,IZ06,55.94203771438831,-3.0244102941781126
304,S02001540,IZ07,55.95445389957297,-2.984923658382049
305,S02001541,IZ08,55.957626253893686,-2.968987452632767
306,S02001542,IZ09,55.96833482111678,-2.949597161747085
307,S02001543,IZ10,55.94492454900867,-2.9454214665414398
308,S02001544,IZ11,55.94006571001649,-2.957934562607021
309,S02001545,IZ12,55.912262170879345,-2.9443863354978834
310,S02001546,IZ13,55.974096204722,-2.9039431691974222
311,S02001547,IZ14,55.8988802419208,-2.8393587121476505
312,S02001548,IZ15,55.95886762647279,-2.7928459953605187
313,S02001549,IZ16,55.953977397056484,-2.7748572946649612
314,S02001550,IZ17,56.03450732769676,-2.8224328770259004
315,S02001551,IZ18,56.056258142880985,-2.729875814634667
316,S02001552,IZ19,56.05396228843826,-2.7199738737047623
317,S02001553,IZ20,55.98635161091903,-2.657104101780149
318,S02001554,IZ21,55.999246700718416,-2.5277406681119805
319,S02001555,IZ22,55.99761504471806,-2.5162871115841683
320,S02001556,Neilston and Uplawmoor,55.78288168934832,-4.433402026213717
321,S02001557,Cross Stobbs,55.8088110369106,-4.4019194133417265
322,S02001558,"Dunterlie, East Arthurlie and Dovecothall",55.800695047161696,-4.385766063142275
323,S02001559,Arthurlie and Gateside,55.795869989615895,-4.395857321307625
324,S02001560,Auchenback,55.792108259564586,-4.37898725413096
325,S02001561,Crookfur and Fruin,55.7826520987178,-4.337357885189921
326,S02001562,"Mearns Village, Westacres and Greenfarm",55.776643529799806,-4.34656594037483
327,S02001563,Whitecraigs and Broom,55.776263870011945,-4.314937535679336
328,S02001564,Mearnskirk and South Kirkhill,55.77171693211398,-4.324888251526779
329,S02001565,Eaglesham and Waterfoot,55.74232193598802,-4.2728249753437595
330,S02001566,North Kirkhill,55.776679824206674,-4.3014077816140635
331,S02001567,Busby,55.77902812059531,-4.268407879880581
332,S02001568,Clarkston and Sheddens,55.78590777316002,-4.28467811681621
333,S02001569,Williamwood,55.79010255229854,-4.290602617389316
334,S02001570,Stamperland,55.794709909654046,-4.267517065988197
335,S02001571,Netherlee,55.80245633637721,-4.273887482293851
336,S02001572,Merrylee and Braidbar,55.806132693076556,-4.2811395108608945
337,S02001573,Lower Whitecraigs and South Giffnock,55.79644872830141,-4.2915177752744205
338,S02001574,North Giffnock and North Thornliebank,55.80572453741441,-4.302547488894268
339,S02001575,South Thornliebank and Woodfarm,55.80468379805033,-4.310113868979898
340,S02001576,Balerno and Bonnington Village,55.88086263583133,-3.3424455927245162
341,S02001577,Currie West,55.89639851415316,-3.315859264179787
342,S02001578,Currie East,55.9019942058062,-3.3025653583812202
343,S02001579,Baberton and Juniper Green,55.90971376504052,-3.2879623519030203
344,S02001580,Bonaly and The Pentlands,55.90082078129497,-3.259902049442021
345,S02001581,Colinton and Kingsknowe,55.90554910444654,-3.246474883968252
346,S02001582,Clovenstone and Wester Hailes,55.91272711673289,-3.2790388953729033
347,S02001583,The Calders,55.91939220132452,-3.2947320157366056
348,S02001584,Murrayburn and Wester Hailes North,55.91841448154111,-3.2756259380999597
349,S02001585,Parkhead and Sighthill,55.922912145353045,-3.2777580843121497
350,S02001586,Broomhouse and Bankhead,55.927280851638024,-3.2801905742178183
351,S02001587,Stenhouse and Saughton Mains,55.93272325698765,-3.2621860090805677
352,S02001588,Longstone and Saughton,55.925161219563655,-3.261812115678274
353,S02001589,Slateford and Chesser,55.93152303183166,-3.2396897672607103
354,S02001590,Gorgie West,55.93758756724766,-3.235288908029927
355,S02001591,Gorgie East,55.94151149007107,-3.2247667597516343
356,S02001592,Shandon,55.93351061295544,-3.22965261623388
357,S02001593,Craiglockhart,55.92206362589783,-3.239451741734292
358,S02001594,Morningside and Craighouse,55.922739615934056,-3.220349858656244
359,S02001595,Greenbank and The Braids,55.915128576127216,-3.21947070760355
360,S02001596,Colinton Mains and Firrhill,55.91038429790476,-3.2294003757455303
361,S02001597,Oxgangs,55.90706023466996,-3.2248321791785286
362,S02001598,Comiston and Swanston,55.90349010394222,-3.2178737965875173
363,S02001599,Fairmilehead,55.906525732018686,-3.202484657040794
364,S02001600,Gilmerton South and the Murrays,55.90065327884411,-3.140679301036095
365,S02001601,Mortonhall and Anwickhill,55.904232230197344,-3.170071422950436
366,S02001602,"Gracemount, Southhouse and Burdiehouse",55.9039803271674,-3.160610773860394
367,S02001603,Hyvots and Gilmerton,55.90524958228457,-3.1391986952113746
368,S02001604,Fernieside and Moredun South,55.91170125179589,-3.130412943312534
369,S02001605,Moredun and Craigour,55.914359708043484,-3.1393218972907135
370,S02001606,Liberton East,55.91169846550943,-3.1530022631144807
371,S02001607,Liberton West and Braid Hills,55.913906692250144,-3.165643112548732
372,S02001608,The Inch,55.920138960215326,-3.15650121155752
373,S02001609,"Blackford, West Mains and Mayfield Road",55.929056551284035,-3.1760053267526716
374,S02001610,Prestonfield,55.93270274224553,-3.1610533371243545
375,S02001611,Newington and Dalkeith Road,55.939004230555504,-3.1768671247813685
376,S02001612,The Grange,55.933355647610085,-3.182154281477937
377,S02001613,Marchmont East and Sciennes,55.93834202796956,-3.186884825577348
378,S02001614,Marchmont West,55.937389343275264,-3.198045876993283
379,S02001615,Morningside,55.927872481595095,-3.204618273935794
380,S02001616,Merchiston and Greenhill,55.93432271006204,-3.2129983713747894
381,S02001617,Bruntsfield,55.93789721461686,-3.2122616219103652
382,S02001618,Polwarth,55.938470642045345,-3.2224294678031176
383,S02001619,Dalry and Fountainbridge,55.94268942621845,-3.219248090580511
384,S02001620,Tollcross,55.94499212913608,-3.2034685468578665
385,S02001621,Meadows and Southside,55.941864714585684,-3.1821733684812683
386,S02001622,"Old Town, Princes Street and Leith Street",55.94825786903219,-3.188245092610318
387,S02001623,"Canongate, Southside and Dumbiedykes",55.94730110169732,-3.1812181349530713
388,S02001624,Abbeyhill,55.954474637096865,-3.1686399451664693
389,S02001625,Meadowbank and Abbeyhill North,55.95650360472258,-3.1612212991442536
390,S02001626,Willowbrae and Duddingston Village,55.95191553025993,-3.147423328297049
391,S02001627,Craigmillar,55.931346616863365,-3.1436939783249427
392,S02001628,Niddrie,55.932443238791905,-3.1211728675173056
393,S02001629,"Bingham, Magdalene and The Christians",55.94137830598162,-3.1118568603759216
394,S02001630,"Jewel, Brunstane and Newcraighall",55.93858891942808,-3.1083029423754973
395,S02001631,Joppa,55.94618982733704,-3.097343504115086
396,S02001632,Portobello,55.95246082502346,-3.114448673133967
397,S02001633,Duddingston and Portobello South,55.94498201567997,-3.120718611324983
398,S02001634,Mountcastle,55.95203504219013,-3.132565140422683
399,S02001635,Northfield and Piershill,55.950512264686566,-3.137901429119207
400,S02001636,Craigentinny,55.95794878117681,-3.131440470097835
401,S02001637,Restalrig (Loganlea) and Craigentinny West,55.95938321800941,-3.1483010417187915
402,S02001638,Restalrig and Lochend,55.963098756722815,-3.151663026943967
403,S02001639,Leith (Hermitage and Prospect Bank),55.966632676188354,-3.161909219630369
404,S02001640,Western Harbour and Leith Docks,55.986332819109116,-3.1897334396780455
405,S02001641,North Leith and Newhaven,55.97846626855326,-3.1855174732483484
406,S02001642,The Shore and Constitution Street,55.97539844590955,-3.1689824564377402
407,S02001643,Great Junction Street,55.97248954552092,-3.17251597732819
408,S02001644,South Leith,55.96608523682749,-3.1703837532950288
409,S02001645,Easter Road and Hawkhill Avenue,55.960890960913694,-3.1676159322913016
410,S02001646,Leith (Albert Street),55.96387158945932,-3.1754432404014015
411,S02001647,Hillside and Calton Hill,55.95876655111196,-3.176521834684617
412,S02001648,Pilrig,55.967131056257095,-3.177560739382479
413,S02001649,Bonnington,55.97228345884426,-3.189334144564634
414,S02001650,Trinity East and The Dudleys,55.97745011370673,-3.190261949037733
415,S02001651,Trinity,55.97351443389741,-3.207815302983672
416,S02001652,"Inverleith, Goldenacre and Warriston",55.97044158985917,-3.2087129372912178
417,S02001653,Broughton North and Powderhall,55.965161374316786,-3.191774997076406
418,S02001654,Broughton South,55.9624705267756,-3.1847559636650855
419,S02001655,New Town East and Gayfield,55.95949397418819,-3.188733573975804
420,S02001656,New Town West,55.957200499117434,-3.2019253723432315
421,S02001657,Canonmills and New Town North,55.95875414682003,-3.19832149840946
422,S02001658,Stockbridge,55.95798306691552,-3.2101024788660752
423,S02001659,Comely Bank,55.957805524191684,-3.2180895857841785
424,S02001660,Deans Village,55.94818171379812,-3.2181236376683633
425,S02001661,Balgreen and Roseburn,55.94121136380626,-3.2528237528599466
426,S02001662,Murrayfield and Ravelston,55.950439602651294,-3.2421679910615744
427,S02001663,"Craigleith, Orchard Brae and Crewe Toll",55.96042101815459,-3.2351673184686707
428,S02001664,Blackhall,55.95975669507648,-3.263466359241184
429,S02001665,Drylaw,55.96279713392165,-3.246376540225105
430,S02001666,West Pilton,55.970989022091764,-3.243996204087785
431,S02001667,Boswall and Pilton,55.9745719952223,-3.2244814510555546
432,S02001668,Granton South and Wardieburn,55.97825047549255,-3.2286522293362
433,S02001669,Granton and Royston Mains,55.977805148832395,-3.2336541313201033
434,S02001670,Granton West and Salvesen,55.97442335636178,-3.2517981027238294
435,S02001671,Muirhouse,55.9697025917605,-3.261819815250314
436,S02001672,Silverknowes and Davidson's Mains,55.96843680675501,-3.272192804937933
437,S02001673,Cramond,55.97264005774638,-3.3067335232100654
438,S02001674,"Barnton, Cammo and Cramond South",55.96188755681618,-3.308966197774922
439,S02001675,Clermiston and Drumbrae,55.95593647947967,-3.292187967354512
440,S02001676,East Craigs North,55.95500847032966,-3.306059252861908
441,S02001677,East Craigs South,55.94648653426763,-3.3030020925119525
442,S02001678,Corstorphine North,55.94905738673768,-3.284944705080311
443,S02001679,Corstorphine,55.94173720031416,-3.287231979318414
444,S02001680,Carrick Knowe,55.935308168320255,-3.2703381919009837
445,S02001681,Corstorphine South,55.93390042865609,-3.2839145861745465
446,S02001682,South Gyle,55.93525454561798,-3.2970380806534965
447,S02001683,"Ratho, Ingliston and Gogar",55.922865701065284,-3.3779044375622527
448,S02001684,"Dalmeny, Kirkliston and Newbridge",55.95442634146702,-3.4047158577302405
449,S02001685,Queensferry East,55.98621028826512,-3.3911211800013286
450,S02001686,Queensferry West,55.988162487885695,-3.4106841760031967
451,S02001687,Barra and South Uist,57.12412096356566,-7.373604130206471
452,S02001688,Benbecula and North Uist,57.47231951157934,-7.390504235727828
453,S02001689,Harris,57.8979199712416,-6.797206486662789
454,S02001690,South Lewis,58.08893014679488,-6.517326908550325
455,S02001691,Northwest Lewis,58.398035291775685,-6.4763645684486
456,S02001692,Broadbay,58.24769115649185,-6.336495107487228
457,S02001693,Stornoway West,58.22119296279629,-6.389196923933317
458,S02001694,Stornoway East,58.214697379161436,-6.3798559366518175
459,S02001695,Point,58.2171123901537,-6.235194994080336
460,S02001696,Dunipace,56.02997060144592,-3.9199488977188954
461,S02001697,"Fankerton, Stoneywood and Denny Town",56.021947138143965,-3.911174625818431
462,S02001698,Denny - Nethermains,56.01477907236549,-3.9150237401202554
463,S02001699,Head of Muir and Dennyloanhead,56.00429991284148,-3.911024817171564
464,S02001700,"Banknock, Haggs and Longcroft",55.98857922999282,-3.9496719064010932
465,S02001701,Bonnybridge,56.00535599237874,-3.8903225554986367
466,S02001702,High Bonnybridge and Greenhill,55.99245014374109,-3.8880570084098283
467,S02001703,Larbert - North Broomage and Inches,56.034063513380175,-3.831648152146821
468,S02001704,Larbert - South Broomage and Village,56.019322427950144,-3.831880642759932
469,S02001705,Stenhousemuir West,56.0215926190118,-3.8199701326354414
470,S02001706,Stenhousemuir East,56.0295236065103,-3.80495273014364
471,S02001707,Stenhousemuir - Antonshill,56.035576882883966,-3.804577254481903
472,S02001708,Carron,56.025505994078685,-3.792681843890768
473,S02001709,Carronshore,56.02888417871016,-3.7803207603981477
474,S02001710,Carse and Grangemouth Old Town,56.06428443272841,-3.7656967296532824
475,S02001711,Falkirk - Bainsford and Langlees,56.0176459448373,-3.7844240903035464
476,S02001712,Falkirk - Merchiston and New Carron Village,56.01358933482025,-3.793974480118723
477,S02001713,Falkirk - Grahamston,56.00622480524953,-3.7819086182212556
478,S02001714,Falkirk - Middlefield,56.008616349812854,-3.772475005055488
479,S02001715,Falkirk - Town Centre and Callendar Park,55.9959619114884,-3.7813239918244963
480,S02001716,Falkirk - Bantaskin,55.99655721977786,-3.8028061378706646
481,S02001717,Falkirk - Camelon East,56.00114365908032,-3.814822902078852
482,S02001718,Falkirk - Camelon West,56.00342062681116,-3.8255467431893213
483,S02001719,Falkirk - Tamfourhill,55.99841725453374,-3.8156732681783643
484,S02001720,Falkirk - Lochgreen and Lionthorn,55.98800828456466,-3.793767214030283
485,S02001721,Hallglen and Glen Village,55.98665321720985,-3.7768881219181467
486,S02001722,Shieldhill,55.9738079198988,-3.764648517685874
487,S02001723,Braes Villages,55.93367490190673,-3.7451013645657714
488,S02001724,Reddingmuirhead and Overton,55.98260710604074,-3.7283909847371195
489,S02001725,Brightons and Wallacestone,55.982455665437,-3.721876498050157
490,S02001726,Maddiston and Rumford,55.97353969268974,-3.708435793800113
491,S02001727,Polmont,55.985882446269585,-3.7009490407774055
492,S02001728,Redding,55.98875700040286,-3.730076219902398
493,S02001729,Laurieston and Westquarter,55.99340751413265,-3.747584119205592
494,S02001730,Grangemouth - Newlands,56.00509425120705,-3.730694180295607
495,S02001731,Grangemouth - Town Centre,56.01793752444271,-3.7209206155240757
496,S02001732,Grangemouth - Kersiebank,56.00850484977956,-3.709738511956609
497,S02001733,Grangemouth - Bowhouse,56.002029289384055,-3.720469865251065
498,S02001734,Bo'ness - Douglas,56.00345911877309,-3.617509068614553
499,S02001735,Bo'ness - Newtown,56.0072617462533,-3.6043237021029926
500,S02001736,Bo'ness - Kinneil,56.01525667386195,-3.612788568087087
501,S02001737,"Blackness, Bo'ness - Carriden and Grahamsdyke",56.01026227240956,-3.58353192660718
502,S02001738,Kincardine,56.06756250828564,-3.718087586000085
503,S02001739,Oakley Comrie and Blairhall,56.085357353287215,-3.5708786215138684
504,S02001740,Saline and Gowkhall,56.11292615231025,-3.545932029089505
505,S02001741,Valleyfield Culross and Torryburn,56.06334569915899,-3.5944134859627024
506,S02001742,Cairneyhill and Crombie,56.06017587055473,-3.5354364135969054
507,S02001743,Crossford Charlestown and Limekilns,56.05836094513661,-3.4966602579909996
508,S02001744,Dunfermline Milesmark and Wellwood,56.08061490580792,-3.473066218155121
509,S02001745,Dunfermline Baldridgeburn,56.07525735465893,-3.4702268364500366
510,S02001746,Dunfermline Headwell,56.07876470100402,-3.4525248478643387
511,S02001747,Dunfermline Central,56.06863883453363,-3.45853732742602
512,S02001748,Dunfermline Brucefield,56.063329800081206,-3.4507878417508544
513,S02001749,Dunfermline Garvock Hill,56.071674423579225,-3.4341366569360483
514,S02001750,Dunfermline Bellyeoman and Townhill,56.084402624892654,-3.432970472571051
515,S02001751,Dunfermline Duloch North and Lynebank,56.07316120627998,-3.4119570139659134
516,S02001752,Dunfermline Touch and Woodmill,56.06965834910025,-3.4328730196846546
517,S02001753,Dunfermline Abbeyview North,56.06738182948396,-3.426941511755041
518,S02001754,Dunfermline Abbeyview South,56.06184487921158,-3.42008770302546
519,S02001755,Dunfermline Duloch South,56.059205430742914,-3.406548585775186
520,S02001756,Dunfermline Masterton,56.056599417150636,-3.410500498922712
521,S02001757,Dunfermline Pitcorthie East,56.05713163537775,-3.4173771118278484
522,S02001758,Dunfermline Pitcorthie West,56.05816947393204,-3.44026777548186
523,S02001759,Rosyth North,56.04153762801347,-3.43481615465587
524,S02001760,Rosyth East,56.041266594874564,-3.416281615610616
525,S02001761,Rosyth Central,56.03737674827924,-3.422447059180627
526,S02001762,Rosyth South,56.03150495640819,-3.428249177215433
527,S02001763,North Queensferry and Inverkeithing West,56.02832064901323,-3.4042857142648253
528,S02001764,Inverkeithing East,56.03281612785588,-3.3881754757391684
529,S02001765,Dalgety Bay West and Hillend,56.03562657004494,-3.3690646027824864
530,S02001766,Dalgety Bay Central,56.03284203874293,-3.362482308421857
531,S02001767,Dalgety Bay East,56.041980426869046,-3.3419843050631557
532,S02001768,Crossgates and Halbeath,56.08495038493867,-3.3769529069682473
533,S02001769,Hill of Beath and Kingseat,56.10145495870243,-3.359278322907371
534,S02001770,Cowdenbeath South,56.105670326431635,-3.35262548927422
535,S02001771,Cowdenbeath North,56.11657130881942,-3.351657001943063
536,S02001772,Kelty West,56.133645139213925,-3.3927725871590173
537,S02001773,Kelty East,56.133392172113105,-3.376865855073639
538,S02001774,Lochore and Crosshill,56.15462201091572,-3.3236759490801027
539,S02001775,Ballingry,56.16346415502663,-3.3269753106984847
540,S02001776,Cardenden,56.13981278475892,-3.2602266590299616
541,S02001777,Lochgelly East,56.129240407287,-3.306602344821116
542,S02001778,Lochgelly West and Lumphinnans,56.12648807183029,-3.314488456934803
543,S02001779,Aberdour and Auchtertool,56.057498782287716,-3.2982811310415765
544,S02001780,Burntisland West,56.06249123325574,-3.242766002146553
545,S02001781,Burntisland East,56.06583039512502,-3.2314532667606586
546,S02001782,Kinghorn,56.06988969883853,-3.1764036824085182
547,S02001783,Kirkcaldy Linktown & Seafield,56.10041431772099,-3.165807809549998
548,S02001784,Kirkcaldy Central,56.10894293707246,-3.1618205754848443
549,S02001785,Kirkcaldy Bennochy East,56.118325325924644,-3.163534854067017
550,S02001786,Kirkcaldy Bennochy West,56.11647843406697,-3.1744960251554373
551,S02001787,Kirkcaldy Raith,56.1153208882331,-3.187487696003767
552,S02001788,Kirkcaldy Newliston and Redcraigs,56.12785907878717,-3.201034027151283
553,S02001789,Kirkcaldy Templehall West,56.1256480401808,-3.191827696668173
554,S02001790,Kirkcaldy Templehall East,56.12815152117556,-3.180016101053781
555,S02001791,Kirkcaldy Dunnikier,56.13832264229622,-3.1790886243332506
556,S02001792,Kirkcaldy Chapel,56.13511829215084,-3.190913899658528
557,S02001793,Kirkcaldy Hayfield and Smeaton,56.12745327850335,-3.1550266383623278
558,S02001794,Kirkcaldy Pathhead,56.122602127132595,-3.143347843323831
559,S02001795,Kirkcaldy Gallatown and Sinclairtown,56.13138168527436,-3.139344754141075
560,S02001796,Dysart,56.13019669987593,-3.1304287155993227
561,S02001797,Wemyss,56.157616926130004,-3.072226991040468
562,S02001798,Thornton and Kinglassie,56.16404632091015,-3.150585527740864
563,S02001799,Leslie and Newcastle,56.20166195043102,-3.219539583949196
564,S02001800,Glenrothes Macedonia and Tanshall,56.1978229346209,-3.202349601332693
565,S02001801,Glenrothes South Parks,56.195549749264835,-3.1818431029423415
566,S02001802,Glenrothes Caskieberran and Rimbleton,56.19267085128353,-3.1915847271324282
567,S02001803,Glenrothes Auchmuty,56.19287795489936,-3.1699002498943805
568,S02001804,Glenrothes Stenton and Finglassie,56.17608699737916,-3.1620441492313263
569,S02001805,Glenrothes Pitteuchar,56.18534887659164,-3.16127682249008
570,S02001806,Glenrothes Woodside,56.19220389822969,-3.144966332995059
571,S02001807,Glenrothes Balgeddie and Town Park,56.20842129918448,-3.186962750850909
572,S02001808,Glenrothes Collydean,56.2121447194434,-3.1828374329176765
573,S02001809,Glenrothes Cadham and Pitcoudie,56.20622609614491,-3.1712417424462127
574,S02001810,Glenrothes Balfarg Pitcairn and Coul,56.21471714985155,-3.1588270815924666
575,S02001811,Markinch and Star,56.20524862582473,-3.1383267062580624
576,S02001812,Windygates and Coaltown,56.195357826595554,-3.061370143742109
577,S02001813,"Buckhaven, Denbeath and Muiredge",56.17593826833667,-3.035238983628636
578,S02001814,Methil Methilhill,56.18853920974715,-3.0315339744480068
579,S02001815,Methil West,56.1848776022272,-3.0180149232538374
580,S02001816,Methil East,56.18873163972825,-3.0147977125911485
581,S02001817,Leven East,56.19704071504218,-2.9951455297108436
582,S02001818,Leven West,56.198927726953684,-3.012826679993774
583,S02001819,Leven North,56.20628608429231,-3.0073624422890037
584,S02001820,Largo,56.2158416291305,-2.9441478543532993
585,S02001821,Kennoway and Bonnybank,56.21243098490925,-3.049588446502516
586,S02001822,Kettle and Ladybank,56.262421219555,-3.1175189777452434
587,S02001823,Falkland and Freuchie,56.25142943992863,-3.199430032365905
588,S02001824,Auchtermuchty and Gateside,56.29193474925438,-3.2331899755265625
589,S02001825,Newburgh,56.3519874128557,-3.2380083088311515
590,S02001826,Cupar West and Springfield,56.316203737891044,-3.0338584490126816
591,S02001827,Cupar Central,56.32009581581191,-3.0184744073952277
592,S02001828,Cupar East,56.317864684906255,-3.0067421781567925
593,S02001829,Dairsie Ceres and Dunino,56.29321617309074,-2.9688684864306
594,S02001830,Elie Colinsburgh and Largoward,56.2208407039176,-2.8455619538607704
595,S02001831,St Monans and Pittenweem,56.21448169124459,-2.732574087251884
596,S02001832,Anstruther,56.22478783690995,-2.6950804658717753
597,S02001833,Crail and Boarhills,56.26256747390075,-2.6243951836485047
598,S02001834,St Andrews South East,56.33203995798842,-2.794551881548953
599,S02001835,St Andrews Central,56.33823481760946,-2.7952468054577055
600,S02001836,St Andrews South West,56.3289854005095,-2.8220611381026894
601,S02001837,St Andrews North and Strathkinness,56.33425886036807,-2.823484630339471
602,S02001838,Leuchars and Guardbridge,56.38202640884272,-2.883948064330428
603,S02001839,Balmullo and Gauldry,56.38074860441153,-2.9308642308393056
604,S02001840,Tayport,56.447435606549604,-2.8823843047946904
605,S02001841,Newport and Wormit,56.4356632966308,-2.9449690970477427
606,S02001842,Darnley East,55.805175614604224,-4.331191733016577
607,S02001843,Darnley North,55.80800197415438,-4.342787616659452
608,S02001844,Darnley West,55.8051095439288,-4.356337844472425
609,S02001845,Nitshill,55.81555198383954,-4.349833952554097
610,S02001846,Crookston South,55.82126844133608,-4.3502904448020585
611,S02001847,Crookston North,55.82701627996958,-4.342509939203045
612,S02001848,Pollok South and West,55.827482300446675,-4.360437374979231
613,S02001849,Pollok North and East,55.8362691736529,-4.350748534030121
614,S02001850,Cardonald South and East,55.84279951468629,-4.340105054358642
615,S02001851,Cardonald North,55.84987516423486,-4.34658554694973
616,S02001852,Cardonald West and Central,55.844426032623716,-4.357998198219524
617,S02001853,Penilee,55.85339763345609,-4.373321475132239
618,S02001854,Hillington,55.850548420973766,-4.356499817470219
619,S02001855,Drumoyne and Shieldhall,55.85840615139327,-4.335162950387562
620,S02001856,Govan and Linthouse,55.86083258161026,-4.321405154999377
621,S02001857,Craigton,55.84911902839475,-4.328678590186201
622,S02001858,Mosspark,55.83864314823342,-4.324681994120818
623,S02001859,Ibrox,55.859535945576454,-4.302886464525034
624,S02001860,Ibrox East and Cessnock,55.85252844766775,-4.298892856177909
625,S02001861,Kinning Park and Festival Park,55.85417391301234,-4.284865446780631
626,S02001862,Kingston West and Dumbreck,55.84739492921261,-4.303302391932843
627,S02001863,Pollokshields West,55.84332161645448,-4.28267906786552
628,S02001864,Pollokshields East,55.84127882134235,-4.271170760085775
629,S02001865,Govanhill West,55.8369695706293,-4.259691889970242
630,S02001866,Govanhill East and Aikenhead,55.836225323940766,-4.251759252500662
631,S02001867,Battlefield,55.82562023014228,-4.266425922899036
632,S02001868,Strathbungo,55.834795493379126,-4.270377434707359
633,S02001869,Maxwell Park,55.83417212434607,-4.291868401648093
634,S02001870,Shawlands West,55.831685227093054,-4.282060931051701
635,S02001871,Shawlands East,55.8294982766734,-4.27931407134912
636,S02001872,Langside,55.82647135913395,-4.275815907621552
637,S02001873,Pollokshaws,55.82552644043353,-4.290401782572881
638,S02001874,Carnwadric West,55.81351568788212,-4.32267227744374
639,S02001875,Carnwadric East,55.81415855390821,-4.307626736709919
640,S02001876,Newlands,55.81817349152168,-4.29094335664717
641,S02001877,Merrylee and Millbrae,55.81692621551345,-4.2734067898492025
642,S02001878,Muirend and Old Cathcart,55.811623286874045,-4.269043518784893
643,S02001879,Carmunnock North,55.812468809866154,-4.249444961915418
644,S02001880,Carmunnock South,55.799606431909964,-4.249022082071914
645,S02001881,Glenwood South,55.80195942202157,-4.233344950314997
646,S02001882,Glenwood North,55.808991703808914,-4.214740328002704
647,S02001883,Castlemilk,55.810497883417426,-4.235797186902722
648,S02001884,Kingspark South,55.81718254373045,-4.234919620783502
649,S02001885,Kingspark North,55.823016431895255,-4.243252740780618
650,S02001886,Cathcart,55.820184676874405,-4.260953389098313
651,S02001887,Mount Florida,55.825959326306595,-4.25678599954223
652,S02001888,Toryglen and Oatlands,55.828220112685614,-4.234866230709966
653,S02001889,Gorbals and Hutchesontown,55.845328356076365,-4.246423201756049
654,S02001890,Laurieston and Tradeston,55.85145246598447,-4.261427377043459
655,S02001891,Calton and Gallowgate,55.85508803834387,-4.234619397542644
656,S02001892,Bridgeton,55.84869703911534,-4.22723921482388
657,S02001893,Dalmarnock,55.84626642556364,-4.220502664096278
658,S02001894,Parkhead West and Barrowfield,55.84815484656874,-4.199938393951506
659,S02001895,Parkhead East and Braidfauld North,55.84856094581827,-4.1887626122556805
660,S02001896,Braidfauld,55.84221957259595,-4.177416886417564
661,S02001897,Shettleston South,55.840863600018764,-4.163605040378192
662,S02001898,Carmyle and Mount Vernon South,55.83060000272501,-4.153885340128871
663,S02001899,Mount Vernon North and Sandyhills,55.84504088311996,-4.139045916752456
664,S02001900,Baillieston West,55.84563854173424,-4.12270548546949
665,S02001901,Baillieston East,55.84795360649724,-4.111952869577596
666,S02001902,Garrowhill West,55.851581469007456,-4.122566266282131
667,S02001903,Garrowhill East and Swinton,55.85478788344997,-4.106475926780235
668,S02001904,Easterhouse East,55.866498614428274,-4.0964497674930085
669,S02001905,Central Easterhouse,55.86540155064509,-4.110678495130945
670,S02001906,"Garthamlock, Auchinlea and Gartloch",55.87362134244888,-4.1254954253930185
671,S02001907,North Barlanark and Easterhouse South,55.86366444711098,-4.127524408039899
672,S02001908,Barlanark,55.858364598958644,-4.141360210337039
673,S02001909,Greenfield,55.855244631483714,-4.16199181910089
674,S02001910,Shettleston North,55.85092933899189,-4.16104916580321
675,S02001911,Tollcross,55.84999992668643,-4.172484201589023
676,S02001912,Old Shettleston and Parkhead North,55.859304203939395,-4.183006956559918
677,S02001913,Carntyne,55.8657179611737,-4.185716271891176
678,S02001914,"Cranhill, Lightburn and Queenslie South",55.86358114234533,-4.170365876434582
679,S02001915,Craigend and Ruchazie,55.87247504843842,-4.156251826505905
680,S02001916,Riddrie and Hogganfield,55.86855549579796,-4.185348260483932
681,S02001917,Blackhill and Barmulloch East,55.878783144748695,-4.188880803293745
682,S02001918,Robroyston and Millerston,55.8928626412777,-4.183516255651741
683,S02001919,Balornock,55.894758432438316,-4.206222816995138
684,S02001920,Barmulloch,55.88421375995276,-4.205864181025646
685,S02001921,Petershill,55.88093175820655,-4.215958722236229
686,S02001922,Springburn,55.88517340580982,-4.225938745418639
687,S02001923,Springburn East and Cowlairs,55.88915569181733,-4.232339800438947
688,S02001924,Cowlairs and Port Dundas,55.8792781654444,-4.242740523348682
689,S02001925,Sighthill,55.87135944672654,-4.2348828471955136
690,S02001926,"Roystonhill, Blochairn, and Provanmill",55.86805628456809,-4.225230812163302
691,S02001927,Dennistoun North,55.863961419346346,-4.218076462501807
692,S02001928,Alexandra Parade,55.86416116748294,-4.212973656287929
693,S02001929,Carntyne West and Haghill,55.86158514416154,-4.20427741886321
694,S02001930,Dennistoun,55.85934981961156,-4.217637790095739
695,S02001931,Gallowgate North and Bellgrove,55.857389984519266,-4.22414144465522
696,S02001932,City Centre East,55.86070651970097,-4.244418536524324
697,S02001933,City Centre West,55.867887507183816,-4.261104118998389
698,S02001934,City Centre South,55.85847363697384,-4.262298832788589
699,S02001935,Anderston,55.86271584295426,-4.274963122968189
700,S02001936,Finnieston and Kelvinhaugh,55.86618143977413,-4.288239859980456
701,S02001937,Woodlands,55.87043396045807,-4.275078881619299
702,S02001938,Woodside,55.87222192284525,-4.269268877712859
703,S02001939,Firhill,55.87675909270114,-4.274217931731267
704,S02001940,Keppochhill,55.88278510335206,-4.264720770678558
705,S02001941,Ruchill,55.885507440372415,-4.283732621829188
706,S02001942,Possil Park,55.89008205119175,-4.250560631035223
707,S02001943,Milton West,55.89281384724591,-4.254509367247227
708,S02001944,Milton East,55.8982763245687,-4.244284947214922
709,S02001945,Summerston Central and West,55.90334201562824,-4.287420751780726
710,S02001946,Summerston North,55.90204825986627,-4.294639546284979
711,S02001947,Maryhill East,55.89490765772096,-4.280862188189496
712,S02001948,Maryhill West,55.89479424476539,-4.290356409869438
713,S02001949,Wyndford,55.88722257299367,-4.290581865344124
714,S02001950,Kelvindale,55.88705017544128,-4.306547325230038
715,S02001951,North Kelvin,55.87883062591004,-4.281261965589079
716,S02001952,Kelvingrove and University,55.8753866755625,-4.289580859455318
717,S02001953,Hillhead,55.87182870155032,-4.3049251272494145
718,S02001954,Glasgow Harbour and Partick South,55.87181650760912,-4.317057320156922
719,S02001955,Partick,55.872597750707996,-4.314706006877479
720,S02001956,Partickhill and Hyndland,55.877872973427536,-4.308512974382464
721,S02001957,Dowanhill,55.879509060855234,-4.297450127723861
722,S02001958,Kelvinside and Jordanhill,55.88473533042243,-4.3287650165557565
723,S02001959,Broomhill,55.87634169319401,-4.323018445299236
724,S02001960,Victoria Park,55.87818586054194,-4.329108169991011
725,S02001961,Whiteinch,55.87568291521715,-4.344481713135504
726,S02001962,Scotstoun North and East,55.88249510906475,-4.348746114308694
727,S02001963,Scotstoun South and West,55.88163044592402,-4.359646759184722
728,S02001964,Yoker South,55.88699823644042,-4.376348319722439
729,S02001965,Yoker North,55.89573956242498,-4.37886636496635
730,S02001966,Knightswood West,55.894490051803174,-4.3672254887035615
731,S02001967,Knightswood East,55.88850445273277,-4.363006706816627
732,S02001968,Knightswood Park West,55.89198773670484,-4.357588661851303
733,S02001969,Knightswood Park East,55.89210316615605,-4.346847752587977
734,S02001970,Anniesland East,55.89097784153238,-4.317543915456103
735,S02001971,Anniesland West,55.894320801420925,-4.32614051365139
736,S02001972,Blairdardie East,55.90177779110259,-4.340505132124139
737,S02001973,Blairdardie West,55.90237219922259,-4.363018340086041
738,S02001974,Drumchapel South,55.90719999808886,-4.354031978562157
739,S02001975,Drumchapel North,55.912562036348895,-4.353748949475858
740,S02001976,Drumry East,55.91284796108473,-4.370696934007747
741,S02001977,Drumry West,55.9105093503352,-4.3810352100502
742,S02001978,Lochaber West,56.74014534784825,-5.791677472753359
743,S02001979,Fort William North,56.83838554664792,-5.103923910150143
744,S02001980,Fort William South,56.81593054890659,-5.103966571576511
745,S02001981,Lochaber East and North,56.715121779005045,-4.966391028040211
746,S02001982,Badenoch and Strathspey South,57.079757366619766,-4.051080244124957
747,S02001983,Badenoch and Strathspey Central,57.20480420988262,-3.82363020398588
748,S02001984,Badenoch and Strathspey North,57.32835789352596,-3.6121161450094044
749,S02001985,Nairn Rural,57.57610010492101,-3.808654454706605
750,S02001986,Nairn East,57.58556572456753,-3.868174901477011
751,S02001987,Nairn West,57.58025155902348,-3.885999910423493
752,S02001988,Inverness East Rural,57.51963279094591,-4.00940964325585
753,S02001989,Inverness Culloden and Balloch,57.49071649602552,-4.126839815845509
754,S02001990,Inverness Smithton,57.48102836546296,-4.142357558608536
755,S02001991,Inverness Westhill,57.47468098381273,-4.151025776437823
756,S02001992,Inverness Inshes,57.45927287764298,-4.191099840872594
757,S02001993,Inverness Slackbuie,57.44515044990373,-4.215620008380276
758,S02001994,Inverness Lochardil and Holm Mains,57.451369085293,-4.231364644491134
759,S02001995,Inverness Drummond,57.46031406406527,-4.216854506533307
760,S02001996,Inverness Hilton,57.46142474495642,-4.206301034944151
761,S02001997,Inverness Drakies,57.46662796454638,-4.199577694697436
762,S02001998,"Inverness Central, Raigmore and Longman",57.478370028676245,-4.213027792286916
763,S02001999,Inverness Crown and Haugh,57.47572777200326,-4.220724048002195
764,S02002000,Inverness Ballifeary and Dalneigh,57.4745151950549,-4.243534198809922
765,S02002001,Inverness Muirtown,57.479036066764785,-4.233852788997781
766,S02002002,Inverness Merkinch,57.48559676852661,-4.240359948458492
767,S02002003,Inverness Scorguie,57.480891092009834,-4.257838158622293
768,S02002004,Inverness Kinmylies and South West,57.473364050915244,-4.263694871791042
769,S02002005,Inverness West Rural,57.479013104904354,-4.466445130105556
770,S02002006,Loch Ness,57.32843883455128,-4.481196022791037
771,S02002007,Lochalsh,57.28280473161413,-5.534879130238495
772,S02002008,Skye South,57.239665975573246,-5.911951963956119
773,S02002009,Skye North East,57.41793610528921,-6.199923482667021
774,S02002010,Skye North West,57.46925951701654,-6.334907658018072
775,S02002011,Ross and Cromarty South West,57.73269756579652,-5.704169927273266
776,S02002012,Ross and Cromarty North West,57.89732644074658,-5.161664330479209
777,S02002013,Ross and Cromarty Central,57.5833064322981,-4.543351478460198
778,S02002014,Ross and Cromarty East,57.663302910813286,-4.336968631428859
779,S02002015,Muir of Ord,57.51986498757296,-4.461771713221973
780,S02002016,Conon,57.56748583862954,-4.432812453192184
781,S02002017,Dingwall,57.60396226748138,-4.4363881643145495
782,S02002018,Black Isle South,57.5666058385341,-4.177364617209553
783,S02002019,Black Isle North,57.60371093468223,-4.335518504166383
784,S02002020,Alness,57.699374100683045,-4.265129427002255
785,S02002021,Invergordon,57.69416184813521,-4.177145452122493
786,S02002022,Seaboard,57.77474691418232,-3.9644713935886915
787,S02002023,Tain,57.81126180200771,-4.059427904386813
788,S02002024,Sutherland South,57.87697422674019,-4.133423890586887
789,S02002025,Sutherland East,58.00907353683111,-3.854976716033345
790,S02002026,Caithness South,58.29996803070578,-3.284709010214978
791,S02002027,Wick South,58.437629535481335,-3.0888399764784262
792,S02002028,Wick North,58.44518649117469,-3.0831629794800315
793,S02002029,Caithness North East,58.53533553276455,-3.125120589958348
794,S02002030,Caithness North West,58.57807618836977,-3.469768571358424
795,S02002031,Thurso East,58.591018960981884,-3.511653525691714
796,S02002032,Thurso West,58.593775781454546,-3.538217829087507
797,S02002033,Sutherland North and West,58.56438521877081,-4.74217567569467
798,S02002034,Kilmacolm Central,55.895414043077345,-4.624768052381078
799,S02002035,"Kilmacolm, Quarriers, Greenock Upper East/Central",55.89243949875409,-4.641122264152492
800,S02002036,Inverkip and Wemyss Bay,55.90476677143635,-4.869366833036053
801,S02002037,"West Braeside, East Inverkip and West Gourock",55.94865300459597,-4.851868784440351
802,S02002038,Gourock Upper and West Central and Upper Larkfield,55.95207367002913,-4.825141155085152
803,S02002039,"Gourock Central, Upper East and IRH",55.951251447856684,-4.810005932104785
804,S02002040,"Braeside, Branchton, Lower Larkfield and Ravenscraig",55.94289563433182,-4.815743130486659
805,S02002041,"Lower Bow and Larkfield, Fancy Farm, Mallard Bowl",55.944175633745196,-4.793091207240249
806,S02002042,"Gourock East, Greenock West and Lyle Road",55.95881116719147,-4.784275467636694
807,S02002043,Greenock West and Central,55.95006212656221,-4.770062269901056
808,S02002044,"Bow Farm, Barrs Cottage, Cowdenknowes and Overton",55.94005286259802,-4.781839514745899
809,S02002045,Greenock Upper Central,55.9442139236765,-4.763509828772881
810,S02002046,Greenock Town Centre and East Central,55.94444041674943,-4.7542038470218095
811,S02002047,Greenock East,55.934710348350535,-4.733832597232906
812,S02002048,"Port Glasgow Upper, West and Central",55.930941282414736,-4.6890708110830985
813,S02002049,"Port Glasgow Mid, East and Central",55.92814382341564,-4.662700169019776
814,S02002050,Port Glasgow Upper East,55.92084196061865,-4.6591098193314515
815,S02002051,Rural South Midlothian,55.84830581356402,-3.141413277856173
816,S02002052,Penicuik Southeast,55.82760124699946,-3.2238339432580156
817,S02002053,Penicuik Southwest,55.83019485793736,-3.2367351989204827
818,S02002054,Penicuik East,55.83362506879448,-3.2089510374154777
819,S02002055,Penicuik North,55.8372377138473,-3.2234500798832406
820,S02002056,Pentland,55.84911646595112,-3.2089368608382314
821,S02002057,Roslin and Bilston,55.85880754422406,-3.1646793801589292
822,S02002058,Straiton,55.879966020284165,-3.161140836549835
823,S02002059,Loanhead,55.880319913610975,-3.152167675184536
824,S02002060,Bonnyrigg South,55.86835241141278,-3.1228728819612726
825,S02002061,Bonnyrigg North,55.87568641969625,-3.1087955310990103
826,S02002062,Newbattle and Dalhousie,55.872733112187746,-3.092393677738136
827,S02002063,Eskbank,55.88469927262949,-3.084544522432122
828,S02002064,Shawfair,55.91445520463941,-3.1071821916031763
829,S02002065,Thornybank,55.89289866140791,-3.0540079909956828
830,S02002066,Dalkeith,55.89350980010335,-3.0581820936066006
831,S02002067,Pathhead and Rural East Midlothian,55.87507186699323,-3.0056561704529425
832,S02002068,Easthouses,55.87685373649754,-3.0473395212445236
833,S02002069,Mayfield,55.86873828307076,-3.039050995430987
834,S02002070,Newtongrange,55.86831842946968,-3.058791230836554
835,S02002071,North Gorebridge,55.84816720565249,-3.0573807132361224
836,S02002072,Gorebridge and Middleton,55.84512482299863,-3.0453840157440566
837,S02002073,South Speyside and the Cabrach,57.464497914165975,-3.234664467167287
838,S02002074,North Speyside,57.48917901962408,-3.1836831286092626
839,S02002075,Rural Keith and Strathisla,57.55902813405064,-2.9456071303422093
840,S02002076,Keith and Fife Keith,57.53952820821979,-2.9525019964332992
841,S02002077,"Cullen, Portknockie, Findochty, Drybridge and Berryhillock",57.7021648607174,-2.860674432686291
842,S02002078,Buckie Central East,57.67502455450644,-2.952683358108445
843,S02002079,Buckie West and Mains of Buckie,57.66933799814336,-2.976305699200833
844,S02002080,"Mosstodloch, Portgordon and seaward",57.66106594269339,-3.0747687826396772
845,S02002081,"Fochabers, Aultmore, Clochan and Ordiquish",57.6080221071145,-3.0945744546901883
846,S02002082,"Heldon West, Fogwatt to Inchberry",57.640969143557776,-3.3283130907197545
847,S02002083,"Lhanbryde, Urquhart, Pitgavney and seaward",57.63719189221596,-3.2171893492314854
848,S02002084,Elgin Cathedral to Ashgrove and Pinefield,57.64904825809997,-3.306457377237333
849,S02002085,New Elgin East,57.63748212702784,-3.2981859527319113
850,S02002086,New Elgin West,57.63569387050077,-3.310432954836793
851,S02002087,Elgin Central West,57.64524893438646,-3.3245322961587824
852,S02002088,Elgin Bishopmill East and Ladyhill,57.65744861120005,-3.3081001474835183
853,S02002089,Elgin Bishopmill West and Newfield,57.660011721283944,-3.3173437513145236
854,S02002090,Lossiemouth East and Seatown,57.719559847625106,-3.2887175717414214
855,S02002091,Lossiemouth West,57.71657210615577,-3.297155821210877
856,S02002092,"Burghead, Roseisle and Laich",57.70609946500051,-3.4383216794542264
857,S02002093,"Findhorn, Kinloss and Pluscarden Valley",57.64271214232079,-3.5500702589951523
858,S02002094,Forres Central East and seaward,57.61193718792499,-3.6094564280523773
859,S02002095,Forres South West and Mannachie,57.60252282431477,-3.625541161056581
860,S02002096,"Rafford, Dallas, Dyke to Dava",57.59721375841609,-3.628299355853061
861,S02002097,Arran,55.5293662236767,-5.1355294860881395
862,S02002098,Springside and Rural,55.6143629175932,-4.590066147148875
863,S02002099,Irvine Tarryholme,55.61347678924466,-4.652516780189533
864,S02002100,Dreghorn,55.60886179222847,-4.620938167362344
865,S02002101,Irvine Broomlands,55.61413550377098,-4.632804398615097
866,S02002102,Irvine Bourtreehill,55.61578314042901,-4.628070770644815
867,S02002103,Irvine Girdle Toll and Staneca,55.62576348416205,-4.640066061243369
868,S02002104,Irvine Perceton and Lawthorn,55.62979584740062,-4.630613867878343
869,S02002105,Irvine Castlepark North,55.63115909504078,-4.664055547099042
870,S02002106,Irvine Castlepark South,55.625973290547094,-4.6627820864896385
871,S02002107,Irvine East,55.621094642922955,-4.656049614240876
872,S02002108,Irvine Central,55.621461462670254,-4.670196022448842
873,S02002109,Irvine Fullarton,55.60894101379843,-4.668915868786945
874,S02002110,Stevenston Ardeer,55.63145662328352,-4.744696752785311
875,S02002111,Saltcoats Central,55.63559771297871,-4.779533510956027
876,S02002112,Ardrossan Central,55.64457791473718,-4.808717038199191
877,S02002113,Ardrossan North West,55.6523172315055,-4.81656868974685
878,S02002114,Ardrossan North East,55.65428928255439,-4.801113649902209
879,S02002115,Saltcoats North West,55.63993393761829,-4.790854554017392
880,S02002116,Saltcoats North East,55.64798138969412,-4.783638208755492
881,S02002117,Stevenston North West,55.6413275996919,-4.760263594533651
882,S02002118,Stevenston Hayocks,55.644589728677,-4.7470940494260985
883,S02002119,Kilwinning Whitehirst Park and Woodside,55.65658581301325,-4.71661294515637
884,S02002120,Kilwinning Pennyburn,55.6500028589826,-4.716347579512001
885,S02002121,Kilwinning West and Blacklands,55.653462612870975,-4.686603756974003
886,S02002122,Kilwinning Central and North,55.65627049447339,-4.6983230043615904
887,S02002123,Dalry East and Rural,55.70845564295932,-4.714386725730753
888,S02002124,Dalry West,55.705518615171634,-4.73008625778518
889,S02002125,Fairlie and Rural,55.75365943567295,-4.8535840901809175
890,S02002126,West Kilbride and Seamill,55.693575325339935,-4.859785609236319
891,S02002127,Largs South,55.79085165834087,-4.86035739023601
892,S02002128,Largs Central and Cumbrae,55.796385982131824,-4.863571811484927
893,S02002129,Largs North,55.80429457433428,-4.867504445028068
894,S02002130,Skelmorlie and Rural,55.86402947660023,-4.8843114837168295
895,S02002131,Kilbirnie North,55.76113245148736,-4.6844104442465015
896,S02002132,Kilbirnie South and Longbar,55.74689762405553,-4.69165516456309
897,S02002133,Beith West,55.748137625309205,-4.643262320022288
898,S02002134,Beith East and Rural,55.751734641793846,-4.626850900751261
899,S02002135,Overtown,55.75651572560631,-3.9140890346401402
900,S02002136,Netherton and Kirkhill,55.76783762389737,-3.946223775243462
901,S02002137,Muirhouse,55.7720830789927,-3.9663165320817417
902,S02002138,Muirhouse and Knowetop,55.779899799201004,-3.9748429849026627
903,S02002139,Craigneuk Wishaw,55.777720511845594,-3.9475297266717986
904,S02002140,Pather,55.76737290108762,-3.922081630308123
905,S02002141,Wishaw South,55.7699780998227,-3.9129315304378096
906,S02002142,Wishaw North,55.77858743466805,-3.9135128953020026
907,S02002143,Coltness,55.788432052672206,-3.9074722387012373
908,S02002144,Wishaw East,55.780430720111916,-3.900128551925353
909,S02002145,Newmains,55.789705267715085,-3.8778991081845984
910,S02002146,Allanton - Newmains Rural,55.79937078638997,-3.8377456094184375
911,S02002147,Shotts,55.82253672719575,-3.8063205918447487
912,S02002148,Stane,55.813631182132035,-3.779191532032341
913,S02002149,Harthill and Salsburgh,55.85648738919164,-3.7636232692111595
914,S02002150,Cleland,55.801732282980765,-3.9190360305092242
915,S02002151,Newarthill,55.815806915089595,-3.9446918702075187
916,S02002152,Carfin North,55.81378867484609,-3.9569124584774134
917,S02002153,Clydesdale and New Stevenston,55.8146973680302,-3.974833982287725
918,S02002154,Carfin and Cleekhimin,55.805192628387864,-3.9701399927512506
919,S02002155,Motherwell South,55.786094940505855,-3.99080246295436
920,S02002156,Ladywell,55.78500687304526,-3.9985936547698593
921,S02002157,Motherwell West,55.793962179858575,-4.007156202670949
922,S02002158,Motherwell North,55.79777037862604,-4.007846741848036
923,S02002159,Forgewood,55.80361059383867,-3.9996587338277947
924,S02002160,Holytown,55.81840774991786,-3.9754689289638954
925,S02002161,Milnwood,55.81529668128779,-4.00444000214623
926,S02002162,Orbiston,55.8077982170823,-4.021656123886416
927,S02002163,Bellshill South,55.81462184197759,-4.029687174760239
928,S02002164,Hattonrigg,55.82940557452234,-4.014378732457879
929,S02002165,Bellshill Central,55.824396649141214,-4.026604242981126
930,S02002166,Fallside,55.82619316549523,-4.0634026573115305
931,S02002167,Viewpark,55.831335254558915,-4.060098245985218
932,S02002168,Birkenshaw,55.83300875255197,-4.082925921969357
933,S02002169,Kirkwood and Bargeddie,55.85082905027979,-4.062727417611976
934,S02002170,Kirkshaws,55.844426172789944,-4.039802183686211
935,S02002171,Dundyvan,55.852240021644455,-4.0335815029699456
936,S02002172,Drumpellier and Langloan,55.85620501896323,-4.044861380613011
937,S02002173,Coatbridge West,55.86182917043855,-4.040634541785664
938,S02002174,Townhead,55.87272145800178,-4.049821768289119
939,S02002175,Sunnyside and Cliftonville,55.86857957397317,-4.026971579707102
940,S02002176,Cliftonville,55.86153339970454,-4.014411730179318
941,S02002177,Shawhead and Whifflet,55.846896050181904,-4.015363502138657
942,S02002178,Greenend and Carnbroe,55.848586623942815,-4.004300696670268
943,S02002179,Calderbank and Brownsburn,55.84497802880684,-3.9656197304784175
944,S02002180,Chapelhall West,55.84100759767378,-3.9564912975573083
945,S02002181,Chapelhall East,55.84144359856343,-3.9431610003178355
946,S02002182,Craigneuk Airdrie,55.863447230954066,-3.945186649297824
947,S02002183,Petersburn,55.86139461632058,-3.9567492381096243
948,S02002184,Gartlea,55.862079619370654,-3.9718209208467488
949,S02002185,Cairnhill,55.85673838759898,-3.980402047472935
950,S02002186,Coatdyke and Whinhall,55.862382979193505,-3.9925946340722875
951,S02002187,Thrashbush,55.8734953929687,-3.9889758950679175
952,S02002188,Airdrie North,55.87404247621937,-3.9745374160502065
953,S02002189,Drumgelloch,55.86893611586409,-3.9549549111231546
954,S02002190,Caldercruix and Plains,55.88577140286204,-3.8938415165563867
955,S02002191,Glenmavis and Greengairs,55.88942662657364,-3.988015992495644
956,S02002192,Gartcosh and Marnock,55.89528814615514,-4.056801827171705
957,S02002193,Cardowan and Millerston,55.88607623238583,-4.141639260503
958,S02002194,Stepps,55.89258537424525,-4.148203344533038
959,S02002195,Chryston and Muirhead,55.90116689338778,-4.110349633223545
960,S02002196,Moodiesburn West,55.91258899568034,-4.0903605799597536
961,S02002197,Moodiesburn East,55.916552798732454,-4.080780185609927
962,S02002198,Westfield,55.939163060953526,-4.035669590893007
963,S02002199,Condorrat,55.935071623572746,-4.017795532335958
964,S02002200,Greenfaulds,55.93518829629552,-3.9990695265670024
965,S02002201,Seafar,55.94168388712775,-3.991974236744272
966,S02002202,Cumbernauld Central,55.94790143276941,-3.982027637764327
967,S02002203,Kildrum,55.95204577098687,-3.975223939988457
968,S02002204,Abronhill South,55.95545957780647,-3.9499123755403764
969,S02002205,Abronhill North,55.96410564524873,-3.9481522897101833
970,S02002206,Village and Castlecary,55.95990039989607,-3.983041587602594
971,S02002207,Carrickstone,55.96060825226735,-3.997079934923162
972,S02002208,Balloch West,55.953459898554804,-4.021010852734135
973,S02002209,Balloch East,55.945873918308,-4.024907516363272
974,S02002210,Kilsyth East and Croy,55.97487688799246,-4.043267261794493
975,S02002211,Kilsyth Bogside,55.974281873021404,-4.056345662607725
976,S02002212,Balmalloch,55.9808284889348,-4.066839796132105
977,S02002213,"Stromness, Sandwick and Stenness",58.96996098994523,-3.286999090338224
978,S02002214,West Mainland,59.05026078568885,-3.193459914735367
979,S02002215,East Mainland,58.96000499367728,-2.863909521504401
980,S02002216,West Kirkwall,58.97529184487508,-2.95693154741793
981,S02002217,East Kirkwall,58.978202970494834,-2.950662972060775
982,S02002218,Isles,59.06451913819057,-2.826075859783167
983,S02002219,"Powmill, Cleish and Scotlandwell",56.20777284824775,-3.459947047129814
984,S02002220,Kinross,56.209924123784056,-3.430411089562699
985,S02002221,Milnathort and Crook of Devon,56.22317176137107,-3.4231308033293733
986,S02002222,"Muthill, Greenloaning and Gleneagles",56.26001139514525,-3.783130006673279
987,S02002223,Auchterarder,56.29282428866363,-3.7095040002694697
988,S02002224,"Comrie, Gilmerton and St Fillans",56.37214451318638,-3.980329984330582
989,S02002225,Crieff North,56.37756812723905,-3.841284760795395
990,S02002226,Crieff South,56.37169521481707,-3.8404185083538307
991,S02002227,Aberuthven and Almondbank,56.4153194863462,-3.5180578657926085
992,S02002228,"Glenfarg, Dunning and Rhynd",56.3120605800405,-3.5839900362388377
993,S02002229,Bridge of Earn and Abernethy,56.3429368561549,-3.402672412943792
994,S02002230,Moncrieffe and Friarton,56.381395743798585,-3.4400877490167394
995,S02002231,"Viewlands, Craigie and Wellshill",56.39363160977479,-3.451047612389596
996,S02002232,Burghmuir and Oakbank,56.390509433228885,-3.475017019320014
997,S02002233,Western Edge,56.40091778898656,-3.4815122082640055
998,S02002234,Letham,56.40102789361928,-3.4699956675102084
999,S02002235,"Hillyland, Tulloch and Inveralmond",56.40857431490234,-3.466299785557463
1000,S02002236,North Muirton and Old Scone,56.41593692631046,-3.45223724187402
1001,S02002237,Muirton,56.40593320567523,-3.4394101694270454
1002,S02002238,North Inch,56.400068221581726,-3.435332408538502
1003,S02002239,Central and South Inch,56.39552634253973,-3.432601672183452
1004,S02002240,Gannochy and Walnut Grove,56.39897250812494,-3.420465715198769
1005,S02002241,Scone,56.4213437274798,-3.4008723593091568
1006,S02002242,"Guildtown, Balbeggie and St Madoes",56.450855000949396,-3.348579471748627
1007,S02002243,Errol and Inchture,56.41804517366583,-3.186465286454074
1008,S02002244,"Invergowrie, Longforgan and Abernyte",56.455738639447475,-3.1174946511357247
1009,S02002245,Coupar Angus and Meigle,56.544118102114346,-3.2701659400600898
1010,S02002246,Alyth,56.62490763610236,-3.228187259250983
1011,S02002247,"Blair Atholl, Strathardle and Glenshee",56.596353099379876,-3.45718198292754
1012,S02002248,Blairgowrie East (Rattray),56.595201578069776,-3.3340117424126072
1013,S02002249,Blairgowrie West,56.584603412117275,-3.336162010285148
1014,S02002250,Stanley and Murthly,56.49516133911316,-3.5041092533030516
1015,S02002251,Luncarty and Dunkeld,56.454026766283896,-3.584994376412763
1016,S02002252,Pitlochry,56.70350590174529,-3.7252278728095183
1017,S02002253,Rannoch and Aberfeldy,56.62057218374895,-3.86586433832338
1018,S02002254,Lochwinnoch,55.79730518347364,-4.63110072485428
1019,S02002255,Renfrewshire Rural South and Howwood,55.81189378179701,-4.557846038481158
1020,S02002256,Renfrewshire Rural North and Langbank,55.854696603332144,-4.550879590759512
1021,S02002257,Kilbarchan,55.83368747751467,-4.544552280196506
1022,S02002258,Johnstone South West,55.82481020222243,-4.524348857248377
1023,S02002259,Johnstone North West,55.831874209730934,-4.526132218785416
1024,S02002260,Johnstone North East,55.83558841264485,-4.502735494371726
1025,S02002261,Johnstone South East,55.82784192536904,-4.506644953339619
1026,S02002262,Elderslie and Phoenix,55.83402579164574,-4.488501021558144
1027,S02002263,Paisley Ferguslie,55.84666822531565,-4.455600370374523
1028,S02002264,Paisley North West,55.84157934529458,-4.445311875611167
1029,S02002265,Paisley West,55.83338199055541,-4.45615195543097
1030,S02002266,Paisley Foxbar,55.82338108306564,-4.46902878027744
1031,S02002267,Paisley South West,55.82864612389547,-4.449354226953587
1032,S02002268,Paisley Glenburn West,55.81768630127479,-4.44049184352192
1033,S02002269,Paisley Glenburn East,55.82402439205623,-4.429520864768391
1034,S02002270,Paisley South,55.83020945229214,-4.42808620983253
1035,S02002271,Paisley South East,55.8317078418169,-4.422750023672762
1036,S02002272,Paisley Dykebar,55.82814247450503,-4.399231114795703
1037,S02002273,Paisley East,55.83614551461461,-4.40731046479696
1038,S02002274,Paisley Central,55.8426406447519,-4.426673048816275
1039,S02002275,Paisley North East,55.845665247956994,-4.407228197031791
1040,S02002276,Paisley Ralston,55.84605063984863,-4.3846791146887085
1041,S02002277,Paisley Gallowhill and Hillington,55.85518596662076,-4.408472271845164
1042,S02002278,Paisley North,55.8547527942066,-4.43276527220253
1043,S02002279,Renfrew West,55.87439858624788,-4.403587133128016
1044,S02002280,Renfrew South,55.86722429303426,-4.392626377960929
1045,S02002281,Renfrew East,55.87054472018968,-4.380841756942539
1046,S02002282,Renfrew North,55.87959182363227,-4.384273768545577
1047,S02002283,Erskine East and Inchinnan,55.89463205814354,-4.4354855313497215
1048,S02002284,Erskine Central,55.898068877977124,-4.448898312858258
1049,S02002285,Erskine West,55.90721119788354,-4.46816348094337
1050,S02002286,Bishopton,55.90803986662303,-4.500138264001354
1051,S02002287,Linwood South,55.847283519453306,-4.500004638208849
1052,S02002288,Linwood North,55.850335080108586,-4.511688419438448
1053,S02002289,Houston South,55.860130192579646,-4.529325093087174
1054,S02002290,Houston North,55.861125488077775,-4.545995095085319
1055,S02002291,Bridge of Weir,55.85531647846694,-4.570751050927591
1056,S02002292,Tweeddale West Area,55.74444584111795,-3.3434914591689786
1057,S02002293,Peebles North,55.654428570740635,-3.195395451710229
1058,S02002294,Peebles South,55.645413431452305,-3.1854440475323096
1059,S02002295,Tweeddale East Area,55.61989815322318,-3.0540367940336735
1060,S02002296,Earlston Stow and Clovernfords Area,55.63868426274124,-2.6793088103189486
1061,S02002297,Galashiels North,55.61957723584424,-2.822311818898448
1062,S02002298,Galashiels West,55.61543051852657,-2.8148899511145724
1063,S02002299,Galashiels South,55.61125449232737,-2.7995315445703777
1064,S02002300,Langlee,55.61030590716865,-2.776557538925647
1065,S02002301,Melrose and Tweedbank Area,55.60611528394879,-2.7348242665962053
1066,S02002302,Lauder and Area,55.71724390651455,-2.7472884019562622
1067,S02002303,Berwickshire Central,55.707027171648654,-2.458198012597283
1068,S02002304,Duns,55.773631445706165,-2.340126875123377
1069,S02002305,Berwickshire East,55.86560658220313,-2.2145439469489414
1070,S02002306,Eyemouth,55.87177585030739,-2.0964814544536723
1071,S02002307,Chirnside and Area,55.799852571557345,-2.2106087848630143
1072,S02002308,Coldstream and Area,55.652224083280295,-2.259204187789395
1073,S02002309,Cheviot East,55.594172785088965,-2.4255426084504412
1074,S02002310,Kelso North,55.60645122923351,-2.4319770675898242
1075,S02002311,Kelso South,55.60071111580684,-2.434088195656382
1076,S02002312,Cheviot West,55.51307386705725,-2.5931685107384697
1077,S02002313,St Boswells and Newtown Area,55.57185366839995,-2.640283190646686
1078,S02002314,Jedburgh,55.47697324293568,-2.556064270938827
1079,S02002315,Denholm and Hermitage,55.444770207423176,-2.7361375940884
1080,S02002316,Burnfoot,55.4351120236452,-2.770900846805128
1081,S02002317,Hawick Central,55.42362389016891,-2.780077746725648
1082,S02002318,Hawick West End,55.41756802488041,-2.7994679364534867
1083,S02002319,Hawick North,55.430023401955964,-2.7868408818615946
1084,S02002320,Ettrick Yarrow and Liliesleaf Area,55.51244907555942,-2.7671232364788096
1085,S02002321,Selkirk,55.55030681818273,-2.8408836842020735
1086,S02002322,Shetland South,60.00139657423868,-1.2333493152687363
1087,S02002323,Lerwick South,60.143556953959745,-1.1764922706095737
1088,S02002324,Lerwick North,60.156321538298634,-1.148864189309115
1089,S02002325,Central Shetland,60.13877752532504,-1.277668539484022
1090,S02002326,East and West Mainland,60.24345158980109,-1.3020606879708656
1091,S02002327,North Mainland,60.39321092720004,-1.363034863502256
1092,S02002328,North and East Isles,60.598738507438014,-1.076406524578384
1093,S02002329,Carrick South,55.27582720487852,-4.72505528991129
1094,S02002330,Girvan Glendoune,55.23450526159427,-4.851170471200858
1095,S02002331,Girvan Ailsa,55.24009919152015,-4.856448324875183
1096,S02002332,Maybole,55.35604972858511,-4.685993012337357
1097,S02002333,Carrick North,55.391365187995795,-4.644075158020807
1098,S02002334,Coylton,55.44415861265978,-4.519252179502299
1099,S02002335,Alloway and Doonfoot,55.43236026745602,-4.641741875842224
1100,S02002336,Castlehill and Kincaidston,55.444235277771945,-4.61200030131516
1101,S02002337,Belmont,55.44763653241699,-4.622757672737167
1102,S02002338,Holmston and Forehill,55.452535858751666,-4.6092909261295105
1103,S02002339,Ayr South Harbour and Town Centre,55.460073531177734,-4.632964638234139
1104,S02002340,"Ayr North Harbour, Wallacetown and Newton South",55.469930145998134,-4.624792453878367
1105,S02002341,Craigie,55.46157253934374,-4.606201913429588
1106,S02002342,Dalmilling,55.47009475369161,-4.591352415976352
1107,S02002343,"Lochside, Braehead and Whitletts",55.471799976743355,-4.6058643705071995
1108,S02002344,Newton North,55.48022809715201,-4.616550581208802
1109,S02002345,Heathfield,55.48268744267388,-4.608720210825573
1110,S02002346,Prestwick West,55.49712183166058,-4.613427717669122
1111,S02002347,Prestwick East,55.496302799379876,-4.599550306785598
1112,S02002348,Prestwick Airport and Monkton,55.51628490002436,-4.599965259681188
1113,S02002349,"Annbank, Mossblown and Tarbolton - the Coalfields",55.49257843843189,-4.522818699122384
1114,S02002350,"Dundonald, Loans and Symington",55.57569331917256,-4.589247765454603
1115,S02002351,Muirhead,55.557488874009934,-4.642809891028435
1116,S02002352,Barassie,55.55153429098446,-4.652558155531009
1117,S02002353,Troon,55.54427817718706,-4.6580460032319735
1118,S02002354,Clydesdale South,55.495355540007054,-3.691104051086022
1119,S02002355,"Biggar, Symington, Thankerton and Dolphinton",55.624222304802224,-3.5305564796072986
1120,S02002356,"Carstairs, Carstairs Junction and Carnwath",55.70107384794538,-3.649852342079471
1121,S02002357,"Forth, Braehead and Auchengray",55.764628256776874,-3.692623152485065
1122,S02002358,Law,55.750766121918396,-3.8819707105599814
1123,S02002359,Carluke West,55.73561183182493,-3.846613752005147
1124,S02002360,Carluke North,55.74054169235892,-3.8342779405184335
1125,S02002361,Carluke East,55.73109085947032,-3.8207752640361115
1126,S02002362,Carluke South,55.73021366963763,-3.838634863773822
1127,S02002363,"Crossford, Braidwood and Yieldshields",55.711408451865,-3.840759709753109
1128,S02002364,Lanark North West,55.67812429615149,-3.78520017511246
1129,S02002365,Lanark North East,55.67598462552459,-3.7684995012111835
1130,S02002366,Lanark South,55.671128109324435,-3.773114393449105
1131,S02002367,Hazelbank and Kirkfieldbank,55.673259248701655,-3.8184690338384426
1132,S02002368,"Douglas, Coalburn and Rigside",55.59338741971677,-3.8860453063296223
1133,S02002369,Lesmahagow,55.63540515463905,-3.881137275858752
1134,S02002370,Kirkmuirhill and Blackwood,55.667308738215965,-3.9211627920961596
1135,S02002371,Ashgill and Netherburn,55.72761155675466,-3.927452408468604
1136,S02002372,Merryton and Meadowhill,55.74539502528002,-3.974516991227022
1137,S02002373,"Larkhall Central, Raploch, Millheugh and Burnhead",55.73655395400389,-3.977176532806636
1138,S02002374,Hareleeshill,55.73293037899108,-3.9593459142898473
1139,S02002375,Strutherhill,55.72478951208801,-3.9716134941484227
1140,S02002376,Stonehouse,55.69244948667748,-3.987502666457646
1141,S02002377,Strathaven South,55.67527142844074,-4.068743583659646
1142,S02002378,Strathaven North,55.685035467879054,-4.062641490579362
1143,S02002379,"Chapelton, Glengavel and Sandford",55.66393651205812,-4.040416633017615
1144,S02002380,"Glassford, Quarter and Allanton",55.73819835482884,-4.032789980871741
1145,S02002381,Eddlewood,55.751585445919666,-4.044386035995961
1146,S02002382,Low Waters,55.76227247534062,-4.043765906467027
1147,S02002383,Silvertonhill,55.76744577658825,-4.03963679712213
1148,S02002384,Hamilton Centre and Low Parks,55.778125893593476,-4.039429455404777
1149,S02002385,Laighstonehall,55.768421115100345,-4.048535545932452
1150,S02002386,Fairhill,55.76259114885996,-4.058590497708317
1151,S02002387,Woodhead and Meikle Earnock,55.760154493543155,-4.057585442859937
1152,S02002388,Little Earnock,55.76479546275437,-4.0718098540771575
1153,S02002389,Earnock,55.766338495363925,-4.082604245184641
1154,S02002390,Hillhouse,55.77460132895337,-4.087158771054818
1155,S02002391,High Blantyre,55.78387740871646,-4.099743831773845
1156,S02002392,Blantyre South and Wheatlands,55.793366239516516,-4.10089266168534
1157,S02002393,Low Blantyre and Bardykes,55.801540030332575,-4.102210559712572
1158,S02002394,Blantytre North and Coatshill,55.796259485725805,-4.091444458348607
1159,S02002395,Burnbank North,55.78445655132282,-4.081019316948155
1160,S02002396,Burnbank Central and Udston,55.77751845051626,-4.069311919152157
1161,S02002397,Burnbank South and Chantinghall,55.771567811698944,-4.06510632448654
1162,S02002398,Whitehill,55.78516069306034,-4.062173343287072
1163,S02002399,Bothwell South,55.804237996120726,-4.071399850199276
1164,S02002400,Bothwell North,55.81124682418793,-4.0703997336640825
1165,S02002401,Uddingston and Gardenside,55.81998312493456,-4.083650375028372
1166,S02002402,"Halfway, Hallside and Drumsagard",55.81146863890432,-4.135192365422984
1167,S02002403,Westburn and Newton,55.82020961891588,-4.146239139743755
1168,S02002404,Vicarland and Cairns,55.8127269396058,-4.152195356593737
1169,S02002405,Whitlawburn and Greenlees,55.8077469196645,-4.17726255993821
1170,S02002406,Cambuslang Central,55.81917231311475,-4.175091333422379
1171,S02002407,"Burgh, Eastfield and Silverbank",55.821671296532415,-4.191258977237587
1172,S02002408,Farme Cross and Gallowflat North,55.829273133938536,-4.209921436990047
1173,S02002409,Shawfield and Clincarthill,55.82694051724348,-4.217181637755913
1174,S02002410,Burnhill and Bankhead North,55.827022137159,-4.226590634182746
1175,S02002411,Bankhead South,55.819413939045894,-4.227353159406047
1176,S02002412,Spittal,55.81537159339775,-4.2182952230208794
1177,S02002413,High Crosshill,55.81701738011306,-4.1957062152287525
1178,S02002414,Burnside and Springhall,55.80960007096985,-4.193341375481856
1179,S02002415,Fernhill and Cathkin,55.80365866291199,-4.192879497362491
1180,S02002416,Nerston and EK Landward Area,55.754895254914,-4.156195614338823
1181,S02002417,Calderwood East,55.777289999165234,-4.139844160656528
1182,S02002418,Calderwood Central,55.77555748063775,-4.151564633960333
1183,S02002419,Calderwood West and Nerston,55.771720033725515,-4.161796295366749
1184,S02002420,St Leonards North,55.76523355628065,-4.152446399386581
1185,S02002421,St Leonards South,55.75993727948032,-4.161303460915205
1186,S02002422,East Mains,55.76847292598624,-4.172138532989751
1187,S02002423,West Mains,55.763641403321124,-4.1901535886235735
1188,S02002424,Stewartfield East,55.771841455884626,-4.190964371958228
1189,S02002425,Stewartfield West,55.77052699931141,-4.1986391025796
1190,S02002426,"Thorntonhall, Jackton and Gardenhall",55.75597004375187,-4.232372284566147
1191,S02002427,Hairmyres and Westwood West,55.75900213226541,-4.2158098226903356
1192,S02002428,Mossneuk and Newlandsmuir,55.74820596287909,-4.217922319611648
1193,S02002429,Crosshouse and Lindsayfield,55.73969071580633,-4.205172307710055
1194,S02002430,Whitehills West,55.74538945649697,-4.1910743666951475
1195,S02002431,Greenhills,55.74808438219985,-4.201200328138633
1196,S02002432,Westwood South,55.752989871820944,-4.196775521450166
1197,S02002433,Westwood East,55.75846599111333,-4.196621290851609
1198,S02002434,The Murray,55.756930685457256,-4.178365821481584
1199,S02002435,"Birniehill, Kelvin and Whitehills East",55.750776697525836,-4.17163264557758
1200,S02002436,Blane Valley,56.037789494408294,-4.365752977013646
1201,S02002437,Balfron and Drymen,56.069728265820466,-4.339977649182709
1202,S02002438,Kippen and Fintry,56.12526383006133,-4.17261677366156
1203,S02002439,Cambusbarron,56.11193592539583,-3.961134160797604
1204,S02002440,Plean and Rural SE,56.0639586266294,-3.8760669141587836
1205,S02002441,Cowie,56.085076658189706,-3.865393188907731
1206,S02002442,Fallin,56.10579881207496,-3.8725384697395966
1207,S02002443,Bannockburn,56.089304416181534,-3.907453780865626
1208,S02002444,Hillpark,56.09155330017061,-3.92582600316372
1209,S02002445,Broomridge,56.09948646464383,-3.9253700224457866
1210,S02002446,Borestone,56.10014607306074,-3.943491254431078
1211,S02002447,King's Park and Torbrex,56.106564618790635,-3.939923164142404
1212,S02002448,Braehead,56.110486153181085,-3.9299561856228276
1213,S02002449,City Centre,56.121795623828554,-3.940561247697658
1214,S02002450,Raploch,56.13113997374093,-3.9480800741204702
1215,S02002451,Cornton,56.13769875359467,-3.940171641052033
1216,S02002452,Causewayhead,56.1343923408248,-3.9326828450664504
1217,S02002453,Bridge of Allan and University,56.154173275018124,-3.94744258212391
1218,S02002454,Forth,56.12404887347692,-3.9275143782351516
1219,S02002455,Dunblane East,56.19454394662698,-3.9500523226691064
1220,S02002456,Dunblane West,56.18505759014991,-3.969681408439264
1221,S02002457,Carse of Stirling,56.191242260635086,-4.075548077596006
1222,S02002458,Callander and Trossachs,56.24209128393429,-4.20471383087767
1223,S02002459,Highland,56.35614889421713,-4.3348537529125455
1224,S02002460,IZ01,55.89711308413179,-4.38915598613535
1225,S02002461,IZ02,55.90727535019849,-4.420581869085732
1226,S02002462,IZ03,55.90569866997749,-4.392276042148127
1227,S02002463,IZ04,55.91072514605507,-4.414252145276485
1228,S02002464,IZ05,55.92068325032596,-4.407844850716284
1229,S02002465,IZ06,55.93016957688259,-4.393336212492653
1230,S02002466,IZ07,55.925989688102874,-4.420948576084853
1231,S02002467,IZ08,55.91637046399153,-4.434736514988625
1232,S02002468,IZ09,55.92006877935747,-4.449469764133712
1233,S02002469,IZ10,55.94302300970186,-4.53870050804542
1234,S02002470,IZ11,55.95404000777262,-4.549690974120223
1235,S02002471,IZ12,55.9419928496584,-4.557210897212748
1236,S02002472,IZ13,55.94803164360255,-4.591663383628201
1237,S02002473,IZ14,55.97602691034974,-4.582812459151451
1238,S02002474,IZ15,55.97689387333957,-4.5636824606397575
1239,S02002475,IZ16,55.98943670907186,-4.571231710363988
1240,S02002476,IZ17,55.99881526554684,-4.58393217701664
1241,S02002477,IZ18,56.00393908615875,-4.567992589436847
1242,S02002478,Fauldhouse,55.82998724408087,-3.701033731351283
1243,S02002479,Breich Valley,55.841669215434635,-3.624613122718677
1244,S02002480,West Calder and Polbeth,55.85164630811407,-3.56339950989062
1245,S02002481,"Bellsquarry, Adambrae and Kirkton",55.87437553291296,-3.5237301575222215
1246,S02002482,Bankton and Murieston,55.87075559495185,-3.51268848947374
1247,S02002483,Dedridge East,55.88038100041253,-3.5015688481459106
1248,S02002484,Mid Calder and Kirknewton,55.88453945041286,-3.4847024121464534
1249,S02002485,East Calder,55.88739457850258,-3.4593570574447994
1250,S02002486,Pumpherston and Uphall Station,55.90819915406636,-3.4929014253086956
1251,S02002487,Craigshill,55.899704854349146,-3.4938545974104303
1252,S02002488,Howden,55.89188894089164,-3.5069705396044535
1253,S02002489,Livingston Village and Eliburn South,55.89176712150488,-3.543632905282915
1254,S02002490,Ladywell,55.89961870309302,-3.5177943900885045
1255,S02002491,Knightsridge,55.905001792869584,-3.5250270666192116
1256,S02002492,Knightsridge and Deans North,55.90544239412566,-3.5558857117731253
1257,S02002493,Deans,55.903257189575655,-3.5609808114578017
1258,S02002494,Carmondean and Eliburn North,55.89981340130888,-3.54404848833971
1259,S02002495,Seafield,55.87744192021992,-3.5896288853865923
1260,S02002496,Blackburn,55.87425833928301,-3.628307724405122
1261,S02002497,Blaeberry Hill and East Whitburn,55.86383070160426,-3.6694825970769207
1262,S02002498,Whitburn Central,55.862962269875716,-3.693574369606386
1263,S02002499,"Whitburn, Croftmalloch and Greenrigg",55.85813327418976,-3.687276783791309
1264,S02002500,Armadale,55.899955483655596,-3.7042393840119896
1265,S02002501,Armadale South,55.89485228653577,-3.6937483129636823
1266,S02002502,"Bathgate, Wester Inch and Inchcross",55.88806432041556,-3.63146028283753
1267,S02002503,Bathgate and Boghall,55.90029910059939,-3.6120125919443797
1268,S02002504,Bathgate East,55.904447455788606,-3.638802694828772
1269,S02002505,Bathgate West,55.899680951452474,-3.6585467957010125
1270,S02002506,"Blackridge, Westfield and Torphichen",55.88686118853871,-3.7548475830807564
1271,S02002507,Linlithgow South,55.9706676990764,-3.6045550579750825
1272,S02002508,Linlithgow Bridge,55.975827718923284,-3.6195124738011333
1273,S02002509,Linlithgow North,55.98050140557276,-3.5778755578897603
1274,S02002510,"Winchburgh, Bridgend and Philpstoun",55.95805159979455,-3.471353812449
1275,S02002511,Broxburn Kirkhill,55.93633408167012,-3.4899333170661917
1276,S02002512,"Uphall, Dechmont and Ecclesmachan",55.929827711308626,-3.505497961244092
1277,S02002513,Broxburn South,55.93146746216547,-3.479934126358428
1278,S02002514,Broxburn East,55.93582357798486,-3.471103249364296
